,incident_id,cc_code,incident_nmbr,timestamp,description,location,area,zoom_map,tb_xy,latitude,longitude,district,county_fips_id,city_fips_id,freeway_nmbr,freeway_direction,state_postmile,abs_postmile,severity,duration
0,18580293,LAHB,190301,2019-03-01 00:03:00,1125-Traffic Hazard,I210 E / Sunflower Ave,Baldwin Park,,,34.117489,-117.84631999999999,7.0,37.0,30014.0,210,E,R43.211,43.5,,2.0
353,18580812,LAHB,190301,2019-03-01 08:43:00,1125-Traffic Hazard,I210 E / N Irwindale Ave,Baldwin Park,,,34.129715999999995,-117.933687,7.0,37.0,36826.0,210,E,R37.811,38.1,,3.0
409,18580910,LAHB,190301,2019-03-01 09:35:00,1125-Traffic Hazard,Gran D Ave Onr / I210 E,Baldwin Park,,,34.119752000000005,-117.868191,7.0,37.0,30014.0,210,E,R41.911,42.2,,36.0
461,18580993,LAHB,190301,2019-03-01 10:21:00,1183-Trfc Collision-Unkn Inj,I210 E / Grand Ave,Baldwin Park,,,34.120519,-117.87264099999999,7.0,37.0,30014.0,210,E,R41.611,41.9,,0.0
489,18581034,LAHB,190301,2019-03-01 10:46:00,1183-Trfc Collision-Unkn Inj,I210 E / Lake Ave Ofr,LAFSP,,,34.151683,-118.139351,7.0,37.0,56000.0,210,E,R25.92,25.9,,14.0
490,18581035,LAHB,190301,2019-03-01 10:45:00,1183-Trfc Collision-Unkn Inj,I210 E / Lake Ave Ofr,Altadena,,,34.151683,-118.139351,7.0,37.0,56000.0,210,E,R25.92,25.9,,116.0
497,18581045,LAHB,190301,2019-03-01 10:51:00,1125-Traffic Hazard,I210 E / Citrus Ave Oc,LAFSP,,,34.120767,-117.89013999999999,7.0,37.0,3386.0,210,E,R40.611,40.9,,45.0
498,18581046,LAHB,190301,2019-03-01 10:50:00,1125-Traffic Hazard,I210 E / Citrus Ave Oc,Baldwin Park,,,34.120767,-117.89013999999999,7.0,37.0,3386.0,210,E,R40.611,40.9,,57.0
507,18581056,LAHB,190301,2019-03-01 10:55:00,1125-Traffic Hazard,I210 E / Grand Ave,LAFSP,,,34.120519,-117.87264099999999,7.0,37.0,30014.0,210,E,R41.611,41.9,,39.0
523,18581074,LAHB,190301,2019-03-01 11:08:00,1125-Traffic Hazard,I210 E / Grand Ave,Baldwin Park,,,34.120519,-117.87264099999999,7.0,37.0,30014.0,210,E,R41.611,41.9,,1.0
642,18581241,LAHB,190301,2019-03-01 12:30:00,1125-Traffic Hazard,I210 E / Grand Ave,LAFSP,,,34.120519,-117.87264099999999,7.0,37.0,30014.0,210,E,R41.611,41.9,,0.0
917,18581615,LAHB,190301,2019-03-01 15:21:00,1125-Traffic Hazard,I210 E / E Colorado Blvd,LAFSP,,,34.145621000000006,-118.02673500000002,7.0,37.0,2462.0,210,E,R32.211,32.5,,14.0
918,18581616,LAHB,190301,2019-03-01 15:20:00,1125-Traffic Hazard,I210 E / E Colorado Blvd,Altadena,,,34.145621000000006,-118.02673500000002,7.0,37.0,2462.0,210,E,R32.211,32.5,,8.0
944,18581653,LAHB,190301,2019-03-01 15:41:00,1182-Trfc Collision-No Inj,I210 E / N San Gabriel Blvd,LAFSP,,,34.152339000000005,-118.094172,7.0,37.0,56000.0,210,E,R28.52,28.5,,66.0
945,18581654,LAHB,190301,2019-03-01 15:39:00,1182-Trfc Collision-No Inj,I210 E / N San Gabriel Blvd,Altadena,,,34.152339000000005,-118.094172,7.0,37.0,56000.0,210,E,R28.52,28.5,,85.0
1047,18581815,LAHB,190301,2019-03-01 17:16:00,1182-Trfc Collision-No Inj,I210 E / S Myrtle Ave,Baldwin Park,,,34.135357,-118.000743,7.0,37.0,48648.0,210,E,R33.911,34.2,,11.0
1107,18581904,LAHB,190301,2019-03-01 18:11:00,20002-Hit and Run No Injuries,I210 E / Sunflower Ave,Baldwin Park,,,34.117489,-117.84631999999999,7.0,37.0,30014.0,210,E,R43.211,43.5,,82.0
1176,18582012,LAHB,190301,2019-03-01 19:05:00,1182-Trfc Collision-No Inj,I210 E / Sr134 E,Altadena,,,34.151692,-118.14161299999999,7.0,37.0,56000.0,210,E,R25.82,25.8,,29.0
1183,18582023,LAHB,190301,2019-03-01 19:21:00,1125-Traffic Hazard,I210 E / N Santa Anita Ave,Altadena,,,34.147736,-118.03166100000001,7.0,37.0,2462.0,210,E,R31.911,32.2,,12.0
1407,18582368,LAHB,190301,2019-03-01 23:56:00,1125-Traffic Hazard,I210 E / Michillinda Ave,Altadena,,,34.148542,-118.067704,7.0,37.0,,210,E,R29.811,30.1,,1.0
1016,18583733,LAHB,190302,2019-03-02 12:37:00,1182-Trfc Collision-No Inj,I210 E / Irwindale Ave Ofr,Baldwin Park,,,34.128746,-117.93815900000001,7.0,37.0,36826.0,210,E,R37.611,37.9,,85.0
1029,18583749,LAHB,190302,2019-03-02 12:39:00,1179-Trfc Collision-1141Enrt,I210 E / Irwindale Ave Ofr,LAFSP,,,34.128746,-117.93815900000001,7.0,37.0,36826.0,210,E,R37.611,37.9,,23.0
1144,18583902,LAHB,190302,2019-03-02 13:45:00,1125-Traffic Hazard,I210 E / N Altadena Dr,Altadena,,,34.1524,-118.098669,7.0,37.0,56000.0,210,E,R28.22,28.2,,19.0
1169,18583938,LAHB,190302,2019-03-02 14:03:00,20002-Hit and Run No Injuries,I210 E / CITRUS AVE N ONR,Baldwin Park,,,34.120806,-117.886408,7.0,37.0,3386.0,210,E,R40.811,41.1,,7.0
1505,18584418,LAHB,190302,2019-03-02 17:33:00,1125-Traffic Hazard,I210 E / Foothill Blvd / La Verne (81-208),LAFSP,,,34.119925,-117.786924,7.0,37.0,,210,E,R46.611,46.9,,55.0
1507,18584420,LAHB,190302,2019-03-02 17:31:00,1125-Traffic Hazard,I210 E / Foothill Blvd / La Verne (81-208),Baldwin Park,,,34.119925,-117.786924,7.0,37.0,,210,E,R46.611,46.9,,22.0
1512,18584427,LAHB,190302,2019-03-02 17:34:00,1125-Traffic Hazard,I210 E / Fruit St,LAFSP,,,34.119486,-117.76161,7.0,37.0,40830.0,210,E,R48.111,48.4,,
1584,18584551,LAHB,190302,2019-03-02 18:45:00,1125-Traffic Hazard,I210 E / Irwindale Ave Ofr,Baldwin Park,,,34.128746,-117.93815900000001,7.0,37.0,36826.0,210,E,R37.611,37.9,,18.0
1585,18584552,LAHB,190302,2019-03-02 18:44:00,1125-Traffic Hazard,I210 E / Foothill Blvd / La Verne (81-208),Baldwin Park,,,34.119925,-117.786924,7.0,37.0,,210,E,R46.611,46.9,,8.0
1598,18584579,LAHB,190302,2019-03-02 19:01:00,1125-Traffic Hazard,Lone Hill Ave Onr / I210 E,Baldwin Park,,,34.120501000000004,-117.824867,7.0,37.0,30014.0,210,E,R44.411,44.7,,1.0
1687,18584718,LAHB,190302,2019-03-02 20:29:00,1125-Traffic Hazard,I210 E / Azusa Ave,Baldwin Park,,,34.120486,-117.90758899999999,7.0,37.0,3386.0,210,E,R39.611,39.9,,10.0
14,18585015,LAHB,190303,2019-03-03 00:21:00,20002-Hit and Run No Injuries,I210 E / N Irwindale Ave,Baldwin Park,,,34.129715999999995,-117.933687,7.0,37.0,36826.0,210,E,R37.811,38.1,,13.0
36,18585054,LAHB,190303,2019-03-03 01:03:00,1125-Traffic Hazard,I210 E / N Baldwin Ave,Altadena,,,34.148653,-118.050169,7.0,37.0,2462.0,210,E,R30.811,31.1,,134.0
37,18585055,LAHB,190303,2019-03-03 01:02:00,1125-Traffic Hazard,I210 E / N Rosemead Blvd,Altadena,,,34.148192,-118.073425,7.0,37.0,,210,E,R29.511,29.8,,2.0
82,18585140,LAHB,190303,2019-03-03 02:31:00,20002-Hit and Run No Injuries,I210 E / Sr57 S,Baldwin Park,,,34.120135999999995,-117.83718300000001,7.0,37.0,30014.0,210,E,R43.711,44.0,,132.0
84,18585144,LAHB,190303,2019-03-03 02:33:00,1125-Traffic Hazard,I210 E / N Vernon Ave,Baldwin Park,,,34.126196,-117.916106,7.0,37.0,36826.0,210,E,R38.911,39.2,,2.0
117,18585190,LAHB,190303,2019-03-03 03:42:00,1179-Trfc Collision-1141 Enrt,I210 E / MT OLIVE,Baldwin Park,,,34.133883000000004,-117.95642099999999,7.0,37.0,36826.0,210,E,R36.511,36.8,,252.0
122,18585197,LAHB,190303,2019-03-03 03:52:00,WW-Wrong Way Driver,I210 E / N Santa Anita Ave,Altadena,,,34.147736,-118.03166100000001,7.0,37.0,2462.0,210,E,R31.911,32.2,,42.0
215,18585344,LAHB,190303,2019-03-03 07:18:00,CFIRE-Car Fire,I210 E / Grand Ave,Baldwin Park,,,34.120519,-117.87264099999999,7.0,37.0,30014.0,210,E,R41.611,41.9,,21.0
337,18585561,LAHB,190303,2019-03-03 10:11:00,1125-Traffic Hazard,I210 E / N Santa Anita Ave,Altadena,,,34.147736,-118.03166100000001,7.0,37.0,2462.0,210,E,R31.911,32.2,,2.0
430,18585730,LAHB,190303,2019-03-03 12:01:00,1125-Traffic Hazard,I210 E / I605 N I210 E Con,Baldwin Park,,,34.132464,-117.951128,7.0,37.0,36826.0,210,E,R36.811,37.1,,6.0
543,18585906,LAHB,190303,2019-03-03 14:01:00,1125-Traffic Hazard,I210 E / N Altadena Dr,LAFSP,,,34.1524,-118.098669,7.0,37.0,56000.0,210,E,R28.22,28.2,,17.0
776,18586271,LAHB,190303,2019-03-03 17:35:00,1125-Traffic Hazard,I210 E / Azusa Ave,LAFSP,,,34.120486,-117.90758899999999,7.0,37.0,3386.0,210,E,R39.611,39.9,,12.0
98,18586885,LAHB,190304,2019-03-04 05:25:00,1125-Traffic Hazard,I210 E / N Irwindale Ave,Baldwin Park,,,34.129715999999995,-117.933687,7.0,37.0,36826.0,210,E,R37.811,38.1,,1.0
319,18587196,LAHB,190304,2019-03-04 08:21:00,ANIMAL-Live or Dead Animal,Grand Ave Ofr / I210 E,Baldwin Park,,,34.120852,-117.87978999999999,7.0,37.0,3386.0,210,E,R41.211,41.5,,2.0
353,18587244,LAHB,190304,2019-03-04 08:42:00,1182-Trfc Collision-No Inj,I210 E / Lake Ave Ofr,Altadena,,,34.151683,-118.139351,7.0,37.0,56000.0,210,E,R25.92,25.9,,20.0
372,18587269,LAHB,190304,2019-03-04 08:49:00,1183-Trfc Collision-Unkn Inj,I210 E / Buena Vista St Ofr,Baldwin Park,,,34.135366999999995,-117.986896,7.0,37.0,48648.0,210,E,R34.711,35.0,,14.0
570,18587540,LAHB,190304,2019-03-04 11:14:00,1125-Traffic Hazard,I210 E / N Lake Ave,LAFSP,,,34.151665,-118.13225800000001,7.0,37.0,56000.0,210,E,R26.32,26.3,,33.0
571,18587541,LAHB,190304,2019-03-04 11:13:00,1125-Traffic Hazard,I210 E / N Lake Ave,Altadena,,,34.151665,-118.13225800000001,7.0,37.0,56000.0,210,E,R26.32,26.3,,15.0
589,18587562,LAHB,190304,2019-03-04 11:27:00,1125-Traffic Hazard,La210404 I210 E / Wo Citrus Av,Baldwin Park,,,34.120767,-117.89025,7.0,37.0,3386.0,210,E,R40.611,40.9,,9.0
868,18587947,LAHB,190304,2019-03-04 14:58:00,1125-Traffic Hazard,I210 E / Grand Ave,LAFSP,,,34.120519,-117.87264099999999,7.0,37.0,30014.0,210,E,R41.611,41.9,,4.0
869,18587948,LAHB,190304,2019-03-04 14:57:00,1125-Traffic Hazard,I210 E / Grand Ave,Baldwin Park,,,34.120519,-117.87264099999999,7.0,37.0,30014.0,210,E,R41.611,41.9,,28.0
870,18587949,LAHB,190304,2019-03-04 14:56:00,1125-Traffic Hazard,La210428 I210 E / Wo Sunflower Av,LA,,,34.117477,-117.84631,7.0,37.0,30014.0,210,E,R43.211,43.5,,6.0
1130,18588319,INHB,190304,2019-03-04 17:48:00,20002-Hit and Run No Injuries,La210458 I210 E / Eo San Dimas Av,LACC,,,34.119656,-117.80708700000001,7.0,37.0,66070.0,210,E,R45.511,45.8,,
1395,18588734,LAHB,190304,2019-03-04 22:55:00,1125-Traffic Hazard,I210 E / N San Dimas Ave,Baldwin Park,,,34.119658,-117.80720500000001,7.0,37.0,66070.0,210,E,R45.511,45.8,,11.0
33,18588840,LAHB,190305,2019-03-05 01:49:00,CLOSURE of a Road,I210 E / N FAIROAKS AVE,Altadena,,,34.151178,-118.15061599999999,7.0,37.0,56000.0,210,E,R25.22,25.2,,3.0
83,18588916,LAHB,190305,2019-03-05 04:55:00,1125-Traffic Hazard,I210 E / N Baldwin Ave,Altadena,,,34.148653,-118.050169,7.0,37.0,2462.0,210,E,R30.811,31.1,,2.0
379,18589327,LAHB,190305,2019-03-05 09:12:00,1182-Trfc Collision-No Inj,I210 E / Madre St,Altadena,,,34.14755,-118.08203799999998,7.0,37.0,56000.0,210,E,R29.32,29.3,,3.0
538,18589541,LAHB,190305,2019-03-05 11:07:00,BREAK-Traffic Break,I210 E / N Santa Anita Ave,Altadena,,,34.147736,-118.03166100000001,7.0,37.0,2462.0,210,E,R31.911,32.2,,10.0
585,18589608,LAHB,190305,2019-03-05 11:43:00,1125-Traffic Hazard,I210 E / AZUSA AVE,Baldwin Park,,,34.120486,-117.90758899999999,7.0,37.0,3386.0,210,E,R39.611,39.9,,66.0
593,18589619,LAHB,190305,2019-03-05 11:47:00,1125-Traffic Hazard,I210 E / N Irwindale Ave,LAFSP,,,34.129715999999995,-117.933687,7.0,37.0,36826.0,210,E,R37.811,38.1,,4.0
657,18589711,LAHB,190305,2019-03-05 12:33:00,1125-Traffic Hazard,I210 E / Sunflower Ave,Baldwin Park,,,34.117489,-117.84631999999999,7.0,37.0,30014.0,210,E,R43.211,43.5,,23.0
855,18590013,LAHB,190305,2019-03-05 15:04:00,1125-Traffic Hazard,I210 E / Sr57 S,Baldwin Park,,,34.120135999999995,-117.83718300000001,7.0,37.0,30014.0,210,E,R43.711,44.0,,26.0
877,18590041,LAHB,190305,2019-03-05 15:17:00,1125-Traffic Hazard,I210 E / Buena Vista St,Baldwin Park,,,34.135225,-117.977525,7.0,37.0,19990.0,210,E,R35.211,35.5,,11.0
1091,18590334,LAHB,190305,2019-03-05 17:23:00,1125-Traffic Hazard,I210 E / Madre St,LAFSP,,,34.14755,-118.08203799999998,7.0,37.0,56000.0,210,E,R29.32,29.3,,17.0
1092,18590335,LAHB,190305,2019-03-05 17:22:00,1125-Traffic Hazard,I210 E / Madre St,Altadena,,,34.14755,-118.08203799999998,7.0,37.0,56000.0,210,E,R29.32,29.3,,62.0
1152,18590414,LAHB,190305,2019-03-05 17:50:00,1182-Trfc Collision-No Inj,I210 E / S Myrtle Ave,Baldwin Park,,,34.135357,-118.000743,7.0,37.0,48648.0,210,E,R33.911,34.2,,15.0
1161,18590425,LAHB,190305,2019-03-05 17:56:00,1125-Traffic Hazard,I210 E I605 Con / I210 E I605 S Con,LAFSP,,,34.135335999999995,-117.964376,7.0,37.0,19990.0,210,E,R36.011,36.3,,42.0
1162,18590426,LAHB,190305,2019-03-05 17:55:00,1125-Traffic Hazard,I210 E I605 Con / I210 E I605 S Con,Baldwin Park,,,34.135335999999995,-117.964376,7.0,37.0,19990.0,210,E,R36.011,36.3,,44.0
1432,18590824,LAHB,190305,2019-03-05 22:21:00,1183-Trfc Collision-Unkn Inj,I210 E / SUNFLOWER AVE,Baldwin Park,,,34.117489,-117.84631999999999,7.0,37.0,30014.0,210,E,R43.211,43.5,,4.0
1479,18590907,LAHB,190305,2019-03-05 23:37:00,1125-Traffic Hazard,I210 E / I210 E I605 Con,Baldwin Park,,,34.135466,-117.965352,7.0,37.0,19990.0,210,E,R35.911,36.2,,19.0
30,18590980,LAHB,190306,2019-03-06 01:26:00,1183-Trfc Collision-Unkn Inj,I210 E / Sr57 S,Baldwin Park,,,34.120135999999995,-117.83718300000001,7.0,37.0,30014.0,210,E,R43.711,44.0,,7.0
234,18591289,LAHB,190306,2019-03-06 06:10:00,1182-Trfc Collision-No Inj,I210 E / N Vernon Ave,Baldwin Park,,,34.126196,-117.916106,7.0,37.0,36826.0,210,E,R38.911,39.2,,31.0
322,18591404,LAHB,190306,2019-03-06 06:55:00,1182-Trfc Collision-No Inj,I210 E / Sr57 S,Baldwin Park,,,34.120135999999995,-117.83718300000001,7.0,37.0,30014.0,210,E,R43.711,44.0,,36.0
412,18591529,LAHB,190306,2019-03-06 07:40:00,1125-Traffic Hazard,I210 E / Grand Ave,Baldwin Park,,,34.120519,-117.87264099999999,7.0,37.0,30014.0,210,E,R41.611,41.9,,30.0
1037,18592376,LAHB,190306,2019-03-06 13:29:00,1182-Trfc Collision-No Inj,I210 E / W Huntington Dr,LAFSP,,,34.140308000000005,-118.01678500000001,7.0,37.0,48648.0,210,E,R32.911,33.2,,409.0
1039,18592378,LAHB,190306,2019-03-06 13:27:00,1182-Trfc Collision-No Inj,I210 E / W Huntington Dr,Baldwin Park,,,34.140308000000005,-118.01678500000001,7.0,37.0,48648.0,210,E,R32.911,33.2,,28.0
1333,18592838,LAHB,190306,2019-03-06 16:25:00,1125-Traffic Hazard,I210 E / Grand Ave,LAFSP,,,34.120519,-117.87264099999999,7.0,37.0,30014.0,210,E,R41.611,41.9,,22.0
1334,18592839,LAHB,190306,2019-03-06 16:24:00,1125-Traffic Hazard,I210 E / Grand Ave,Baldwin Park,,,34.120519,-117.87264099999999,7.0,37.0,30014.0,210,E,R41.611,41.9,,14.0
1409,18592942,LAHB,190306,2019-03-06 17:09:00,1125-Traffic Hazard,I210 E / Foothill Blvd / La Verne (81-208),LAFSP,,,34.119925,-117.786924,7.0,37.0,,210,E,R46.611,46.9,,30.0
1545,18593146,LAHB,190306,2019-03-06 18:46:00,1183-Trfc Collision-Unkn Inj,I210 E / Sr57 S,Baldwin Park,,,34.120135999999995,-117.83718300000001,7.0,37.0,30014.0,210,E,R43.711,44.0,,52.0
109,18593753,LAHB,190307,2019-03-07 05:14:00,1125-Traffic Hazard,I210 E / Irwindale Ave Ofr,LAFSP,,,34.128746,-117.93815900000001,7.0,37.0,36826.0,210,E,R37.611,37.9,,40.0
110,18593754,LAHB,190307,2019-03-07 05:10:00,1125-Traffic Hazard,I210 E / Irwindale Ave Ofr,Baldwin Park,,,34.128746,-117.93815900000001,7.0,37.0,36826.0,210,E,R37.611,37.9,,35.0
234,18593921,LAHB,190307,2019-03-07 06:58:00,MZP-Assist CT with Maintenance,I210 E / Mountain Ave (81-202),Baldwin Park,,,34.135372,-117.98627900000001,7.0,37.0,48648.0,210,E,R34.711,35.0,,253.0
618,18594443,LAHB,190307,2019-03-07 11:45:00,1182-Trfc Collision-No Inj,I210 E / Azusa Ave,Baldwin Park,,,34.120486,-117.90758899999999,7.0,37.0,3386.0,210,E,R39.611,39.9,,17.0
621,18594447,LAHB,190307,2019-03-07 11:51:00,1182-Trfc Collision-No Inj,I210 E / N Irwindale Ave,Baldwin Park,,,34.129715999999995,-117.933687,7.0,37.0,36826.0,210,E,R37.811,38.1,,37.0
627,18594456,LAHB,190307,2019-03-07 11:54:00,1182-Trfc Collision-No Inj,I210 E / N Irwindale Ave,LAFSP,,,34.129715999999995,-117.933687,7.0,37.0,36826.0,210,E,R37.811,38.1,,28.0
669,18594527,LAHB,190307,2019-03-07 12:39:00,1183-Trfc Collision-Unkn Inj,La210384 I210 E / Eo Irwindale Av,LA,,,34.129672,-117.933631,7.0,37.0,36826.0,210,E,R37.811,38.1,,29.0
709,18594582,LAHB,190307,2019-03-07 13:02:00,1183-Trfc Collision-Unkn Inj,I210 E / N Irwindale Ave,Baldwin Park,,,34.129715999999995,-117.933687,7.0,37.0,36826.0,210,E,R37.811,38.1,,2.0
718,18594596,LAHB,190307,2019-03-07 13:04:00,1183-Trfc Collision-Unkn Inj,I210 E / N Irwindale Ave,LAFSP,,,34.129715999999995,-117.933687,7.0,37.0,36826.0,210,E,R37.811,38.1,,17.0
1102,18595124,LAHB,190307,2019-03-07 17:31:00,1183-Trfc Collision-Unkn Inj,I210 E / S Myrtle Ave,LAFSP,,,34.135357,-118.000743,7.0,37.0,48648.0,210,E,R33.911,34.2,,34.0
1103,18595125,LAHB,190307,2019-03-07 17:29:00,1183-Trfc Collision-Unkn Inj,I210 E / S Myrtle Ave,Baldwin Park,,,34.135357,-118.000743,7.0,37.0,48648.0,210,E,R33.911,34.2,,12.0
1325,18595439,LAHB,190307,2019-03-07 20:10:00,1183-Trfc Collision-Unkn Inj,La210294 I210 E / Wo Rosemead Blvd,Altadena,,,34.147453000000006,-118.081364,7.0,37.0,56000.0,210,E,R29.32,29.3,,69.0
1366,18595510,LAHB,190307,2019-03-07 21:10:00,CFIRE-Car Fire,I210 E / I210 E I605 Con,Baldwin Park,,,34.135466,-117.965352,7.0,37.0,19990.0,210,E,R35.911,36.2,,2.0
586,18596493,LAHB,190308,2019-03-08 10:29:00,1125-Traffic Hazard,I210 E / Buena Vista St,LAFSP,,,34.135225,-117.977525,7.0,37.0,19990.0,210,E,R35.211,35.5,,15.0
734,18596683,LAHB,190308,2019-03-08 11:49:00,1125-Traffic Hazard,I210 E / E Colorado Blvd,Altadena,,,34.145621000000006,-118.02673500000002,7.0,37.0,2462.0,210,E,R32.211,32.5,,12.0
755,18596714,LAHB,190308,2019-03-08 12:11:00,1125-Traffic Hazard,I210 E / N Irwindale Ave,Baldwin Park,,,34.129715999999995,-117.933687,7.0,37.0,36826.0,210,E,R37.811,38.1,,27.0
934,18596954,LAHB,190308,2019-03-08 14:06:00,1125-Traffic Hazard,La210338 I210 E / Myrtle Av,LAFSP,,,34.135354,-118.00081200000001,7.0,37.0,48648.0,210,E,R33.911,34.2,,12.0
1016,18597055,LAHB,190308,2019-03-08 14:51:00,20001-Hit and Run w/Injuries,I210 E / Huntington Dr Ofr,Altadena,,,34.142933,-118.021097,7.0,37.0,2462.0,210,E,R32.611,32.9,IN,36.0
1042,18597087,LAHB,190308,2019-03-08 15:05:00,1182-Trfc Collision-No Inj,I210 E / Lone Hill Ave Ofr,Baldwin Park,,,34.120957000000004,-117.83278500000002,7.0,37.0,30014.0,210,E,R44.011,44.3,,12.0
1232,18597343,LAHB,190308,2019-03-08 16:42:00,1125-Traffic Hazard,I210 E / N Baldwin Ave,LAFSP,,,34.148653,-118.050169,7.0,37.0,2462.0,210,E,R30.811,31.1,,1.0
1233,18597345,LAHB,190308,2019-03-08 16:39:00,1125-Traffic Hazard,I210 E / N Baldwin Ave,Altadena,,,34.148653,-118.050169,7.0,37.0,2462.0,210,E,R30.811,31.1,,2.0
1461,18597676,LAHB,190308,2019-03-08 19:01:00,1182-Trfc Collision-No Inj,I210 E / W Huntington Dr,Baldwin Park,,,34.140308000000005,-118.01678500000001,7.0,37.0,48648.0,210,E,R32.911,33.2,,42.0
1644,18597978,LAHB,190308,2019-03-08 22:29:00,1125-Traffic Hazard,I210 E / Azusa Ave,Baldwin Park,,,34.120486,-117.90758899999999,7.0,37.0,3386.0,210,E,R39.611,39.9,,1.0
1654,18597988,LAHB,190308,2019-03-08 22:39:00,1125-Traffic Hazard,I210 E / Sr134 E,Altadena,,,34.151692,-118.14161299999999,7.0,37.0,56000.0,210,E,R25.82,25.8,,2.0
530,18598875,LAHB,190309,2019-03-09 12:28:00,1182-Trfc Collision-No Inj,I210 E / Madre St,LAFSP,,,34.14755,-118.08203799999998,7.0,37.0,56000.0,210,E,R29.32,29.3,,53.0
558,18598912,LAHB,190309,2019-03-09 12:42:00,1125-Traffic Hazard,I210 E / Sunflower Ave,Baldwin Park,,,34.117489,-117.84631999999999,7.0,37.0,30014.0,210,E,R43.211,43.5,,1.0
565,18598926,LAHB,190309,2019-03-09 12:47:00,1125-Traffic Hazard,I210 E / Sunflower Ave,LAFSP,,,34.117489,-117.84631999999999,7.0,37.0,30014.0,210,E,R43.211,43.5,,0.0
639,18599028,LAHB,190309,2019-03-09 13:43:00,1182-Trfc Collision-No Inj,I210 E / Madre St,LAFSP,,,34.14755,-118.08203799999998,7.0,37.0,56000.0,210,E,R29.32,29.3,,19.0
640,18599029,LAHB,190309,2019-03-09 13:42:00,1182-Trfc Collision-No Inj,I210 E / Madre St,Altadena,,,34.14755,-118.08203799999998,7.0,37.0,56000.0,210,E,R29.32,29.3,,31.0
739,18599173,LAHB,190309,2019-03-09 14:53:00,1125-Traffic Hazard,I210 E / Fruit St,Baldwin Park,,,34.119486,-117.76161,7.0,37.0,40830.0,210,E,R48.111,48.4,,40.0
989,18599567,LAHB,190309,2019-03-09 18:04:00,1183-Trfc Collision-Unkn Inj,I210 E / Lone Hill Ave,Baldwin Park,,,34.120858,-117.828915,7.0,37.0,30014.0,210,E,R44.211,44.5,,35.0
40,18600055,LAHB,190310,2019-03-10 01:40:00,1125-Traffic Hazard,I210 E / Citrus Ave Oc,Baldwin Park,,,34.120767,-117.89013999999999,7.0,37.0,3386.0,210,E,R40.611,40.9,,98.0
479,18600722,LAHB,190310,2019-03-10 13:30:00,1182-Trfc Collision-No Inj,I210 E / SUNFLOWER AVE,Baldwin Park,,,34.117489,-117.84631999999999,7.0,37.0,30014.0,210,E,R43.211,43.5,,43.0
541,18600811,LAHB,190310,2019-03-10 14:23:00,1182-Trfc Collision-No Inj,I210 E / Sr134 E,LAFSP,,,34.151692,-118.14161299999999,7.0,37.0,56000.0,210,E,R25.82,25.8,,1.0
543,18600814,LAHB,190310,2019-03-10 14:19:00,1182-Trfc Collision-No Inj,I210 E / Sr134 E,Altadena,,,34.151692,-118.14161299999999,7.0,37.0,56000.0,210,E,R25.82,25.8,,8.0
650,18600989,LAHB,190310,2019-03-10 16:04:00,1182-Trfc Collision-No Inj,I210 E / Mountain Ave Ofr,Baldwin Park,,,34.13537,-117.992621,7.0,37.0,48648.0,210,E,R34.411,34.7,,58.0
709,18601088,LAHB,190310,2019-03-10 16:59:00,1125-Traffic Hazard,I210 E / I210 E I605 Con,Baldwin Park,,,34.135466,-117.965352,7.0,37.0,19990.0,210,E,R35.911,36.2,,11.0
55,18601688,LAHB,190311,2019-03-11 03:07:00,1125-Traffic Hazard,I210 E / I210 E I605 Con,Baldwin Park,,,34.135466,-117.965352,7.0,37.0,19990.0,210,E,R35.911,36.2,,23.0
58,18601692,LAHB,190311,2019-03-11 03:26:00,FIRE-Report of Fire,I210 E / Citrus Ave Ofr,Baldwin Park,,,34.120876,-117.89477,7.0,37.0,3386.0,210,E,R40.311,40.6,,11.0
121,18601784,LAHB,190311,2019-03-11 05:54:00,CFIRE-Car Fire,I210 E / Grand Ave,Baldwin Park,,,34.120519,-117.87264099999999,7.0,37.0,30014.0,210,E,R41.611,41.9,,28.0
131,18601796,LAHB,190311,2019-03-11 06:07:00,CFIRE-Car Fire,I210 E / Grand Ave,LAFSP,,,34.120519,-117.87264099999999,7.0,37.0,30014.0,210,E,R41.611,41.9,,15.0
282,18602015,LAHB,190311,2019-03-11 07:54:00,1182-Trfc Collision-No Inj,I210 E / N San Dimas Ave,Baldwin Park,,,34.119658,-117.80720500000001,7.0,37.0,66070.0,210,E,R45.511,45.8,,1.0
332,18602087,LAHB,190311,2019-03-11 08:28:00,1183-Trfc Collision-Unkn Inj,I210 E / Sr57 S,Baldwin Park,,,34.120135999999995,-117.83718300000001,7.0,37.0,30014.0,210,E,R43.711,44.0,,12.0
639,18602533,LAHB,190311,2019-03-11 12:53:00,1125-Traffic Hazard,I210 E / S Myrtle Ave,LAFSP,,,34.135357,-118.000743,7.0,37.0,48648.0,210,E,R33.911,34.2,,0.0
880,18602883,LAHB,190311,2019-03-11 15:48:00,1125-Traffic Hazard,I210 E / N Fairoaks Ave,Altadena,,,34.151178,-118.15061599999999,7.0,37.0,56000.0,210,E,R25.22,25.2,,10.0
1007,18603055,LAHB,190311,2019-03-11 17:01:00,1125-Traffic Hazard,I210 E / Madre St,Altadena,,,34.14755,-118.08203799999998,7.0,37.0,56000.0,210,E,R29.32,29.3,,1.0
1008,18603056,LAHB,190311,2019-03-11 17:00:00,1125-Traffic Hazard,La210264 I210 E / Eo Lake Av,Altadena,,,34.151511,-118.130816,7.0,37.0,56000.0,210,E,R26.42,26.4,,4.0
1027,18603081,LAHB,190311,2019-03-11 17:10:00,1125-Traffic Hazard,I210 E / Sierra Madre Villa Ave,Altadena,,,34.14755,-118.08203799999998,7.0,37.0,56000.0,210,E,R29.32,29.3,,0.0
1111,18603204,LAHB,190311,2019-03-11 18:06:00,1125-Traffic Hazard,I210 E / Grand Ave,Baldwin Park,,,34.120519,-117.87264099999999,7.0,37.0,30014.0,210,E,R41.611,41.9,,4.0
1141,18603247,LAHB,190311,2019-03-11 18:29:00,1125-Traffic Hazard,I210 E I605 Con / I210 E I605 S Con,LAFSP,,,34.135335999999995,-117.964376,7.0,37.0,19990.0,210,E,R36.011,36.3,,60.0
1202,18603341,LAHB,190311,2019-03-11 19:14:00,1179-Trfc Collision-1141 Enrt,La210338 I210 E / Myrtle Av,Baldwin Park,,,34.135354,-118.00081200000001,7.0,37.0,48648.0,210,E,R33.911,34.2,,62.0
1296,18603502,LAHB,190311,2019-03-11 21:23:00,1125-Traffic Hazard,Citrus Ave S Onr / I210 E,Baldwin Park,,,34.12077,-117.88937800000001,7.0,37.0,3386.0,210,E,R40.611,40.9,,4.0
1318,18603537,LAHB,190311,2019-03-11 21:57:00,1179-Trfc Collision-1141 Enrt,I210 E / Gran D Ave Onr,Baldwin Park,,,34.119752000000005,-117.868191,7.0,37.0,30014.0,210,E,R41.911,42.2,,17.0
1337,18603564,LAHB,190311,2019-03-11 22:16:00,1182-Trfc Collision-No Inj,I210 E / Sunflower Ave,Baldwin Park,,,34.117489,-117.84631999999999,7.0,37.0,30014.0,210,E,R43.211,43.5,,17.0
1368,18603605,LAHB,190311,2019-03-11 23:15:00,1125-Traffic Hazard,I210 E / Fruit St,Baldwin Park,,,34.119486,-117.76161,7.0,37.0,40830.0,210,E,R48.111,48.4,,3.0
366,18604175,LAHB,190312,2019-03-12 08:38:00,1183-Trfc Collision-Unkn Inj,La210374 I210 E / Wo Irwindale Av,LAFSP,,,34.129519,-117.93425900000001,7.0,37.0,36826.0,210,E,R37.811,38.1,,36.0
367,18604176,LAHB,190312,2019-03-12 08:37:00,1183-Trfc Collision-Unkn Inj,La210374 I210 E / Wo Irwindale Av,Baldwin Park,,,34.129519,-117.93425900000001,7.0,37.0,36826.0,210,E,R37.811,38.1,,131.0
432,18604261,LAHB,190312,2019-03-12 09:13:00,1125-Traffic Hazard,I210 E / I210 E I605 Con,Baldwin Park,,,34.135466,-117.965352,7.0,37.0,19990.0,210,E,R35.911,36.2,,2.0
496,18604337,LAHB,190312,2019-03-12 09:56:00,1182-Trfc Collision-No Inj,I210 E / W Huntington Dr,Baldwin Park,,,34.140308000000005,-118.01678500000001,7.0,37.0,48648.0,210,E,R32.911,33.2,,25.0
727,18604631,LAHB,190312,2019-03-12 13:22:00,1183-Trfc Collision-Unkn Inj,I210 E / Azusa Ave,Baldwin Park,,,34.120486,-117.90758899999999,7.0,37.0,3386.0,210,E,R39.611,39.9,,53.0
730,18604635,LAHB,190312,2019-03-12 13:25:00,1183-Trfc Collision-Unkn Inj,I210 E / Azusa Ave,LAFSP,,,34.120486,-117.90758899999999,7.0,37.0,3386.0,210,E,R39.611,39.9,,47.0
754,18604663,LAHB,190312,2019-03-12 13:40:00,20002-Hit and Run No Injuries,I210 E / N Santa Anita Ave,Altadena,,,34.147736,-118.03166100000001,7.0,37.0,2462.0,210,E,R31.911,32.2,,11.0
798,18604721,LAHB,190312,2019-03-12 14:20:00,1125-Traffic Hazard,I210 E / Mountain Ave (81-202),LAFSP,,,34.135372,-117.98627900000001,7.0,37.0,48648.0,210,E,R34.711,35.0,,18.0
884,18604852,LAHB,190312,2019-03-12 15:14:00,1125-Traffic Hazard,I210 E / S Myrtle Ave,LAFSP,,,34.135357,-118.000743,7.0,37.0,48648.0,210,E,R33.911,34.2,,6.0
892,18604861,LAHB,190312,2019-03-12 15:20:00,1183-Trfc Collision-Unkn Inj,La210294 I210 E / Wo Rosemead Blvd,LAFSP,,,34.147453000000006,-118.081364,7.0,37.0,56000.0,210,E,R29.32,29.3,,1.0
898,18604875,LAHB,190312,2019-03-12 15:27:00,1125-Traffic Hazard,I210 E / S Myrtle Ave,LAFSP,,,34.135357,-118.000743,7.0,37.0,48648.0,210,E,R33.911,34.2,,58.0
1106,18605184,LAHB,190312,2019-03-12 17:24:00,1125-Traffic Hazard,I210 E / N San Dimas Ave,LAFSP,,,34.119658,-117.80720500000001,7.0,37.0,66070.0,210,E,R45.511,45.8,,18.0
1117,18605196,LAHB,190312,2019-03-12 17:29:00,1125-Traffic Hazard,I210 E / N Baldwin Ave,LAFSP,,,34.148653,-118.050169,7.0,37.0,2462.0,210,E,R30.811,31.1,,1.0
1154,18605246,LAHB,190312,2019-03-12 17:45:00,1182-Trfc Collision-No Inj,I210 E / Sr134 E,Altadena,,,34.151692,-118.14161299999999,7.0,37.0,56000.0,210,E,R25.82,25.8,,12.0
20,18605790,LAHB,190313,2019-03-13 00:40:00,1125-Traffic Hazard,La210264 I210 E / Eo Lake Av,Altadena,,,34.151511,-118.130816,7.0,37.0,56000.0,210,E,R26.42,26.4,,1.0
216,18606068,LAHB,190313,2019-03-13 06:57:00,1125-Traffic Hazard,I210 E / Grand Ave,LAFSP,,,34.120519,-117.87264099999999,7.0,37.0,30014.0,210,E,R41.611,41.9,,54.0
217,18606069,LAHB,190313,2019-03-13 06:56:00,1125-Traffic Hazard,I210 E / Grand Ave,Baldwin Park,,,34.120519,-117.87264099999999,7.0,37.0,30014.0,210,E,R41.611,41.9,,30.0
287,18606164,LAHB,190313,2019-03-13 07:49:00,1183-Trfc Collision-Unkn Inj,I210 E / N Hill Ave,LAFSP,,,34.152128000000005,-118.121459,7.0,37.0,56000.0,210,E,R26.92,26.9,,20.0
288,18606165,LAHB,190313,2019-03-13 07:48:00,1183-Trfc Collision-Unkn Inj,I210 E / N Hill Ave,Altadena,,,34.152128000000005,-118.121459,7.0,37.0,56000.0,210,E,R26.92,26.9,,35.0
716,18606762,LAHB,190313,2019-03-13 12:38:00,CFIRE-Car Fire,I210 E / Mt Olive,Baldwin Park,,,34.133883000000004,-117.95642099999999,7.0,37.0,36826.0,210,E,R36.511,36.8,,73.0
723,18606773,LAHB,190313,2019-03-13 12:40:00,CFIRE-Car Fire,I210 E / Mt Olive,LAFSP,,,34.133883000000004,-117.95642099999999,7.0,37.0,36826.0,210,E,R36.511,36.8,,63.0
734,18606789,LAHB,190313,2019-03-13 12:54:00,1182-Trfc Collision-No Inj,I210 E / Myrtle Ave Ofr,LAFSP,,,34.135366,-118.00498300000001,7.0,37.0,48648.0,210,E,R33.711,34.0,,-1.0
735,18606790,LAHB,190313,2019-03-13 12:53:00,1182-Trfc Collision-No Inj,I210 E / Myrtle Ave Ofr,Baldwin Park,,,34.135366,-118.00498300000001,7.0,37.0,48648.0,210,E,R33.711,34.0,,20.0
878,18606993,LAHB,190313,2019-03-13 14:36:00,1183-Trfc Collision-Unkn Inj,I210 E / N Santa Anita Ave,Altadena,,,34.147736,-118.03166100000001,7.0,37.0,2462.0,210,E,R31.911,32.2,,1.0
879,18606994,LAHB,190313,2019-03-13 14:35:00,1182-Trfc Collision-No Inj,I210 E / N Baldwin Ave,Altadena,,,34.148653,-118.050169,7.0,37.0,2462.0,210,E,R30.811,31.1,,34.0
883,18606999,LAHB,190313,2019-03-13 14:43:00,1182-Trfc Collision-No Inj,I210 E / N Santa Anita Ave,Altadena,,,34.147736,-118.03166100000001,7.0,37.0,2462.0,210,E,R31.911,32.2,,1.0
893,18607015,LAHB,190313,2019-03-13 14:45:00,1182-Trfc Collision-No Inj,I210 E / N Rosemead Blvd,Altadena,,,34.148192,-118.073425,7.0,37.0,,210,E,R29.511,29.8,,2.0
995,18607155,LAHB,190313,2019-03-13 15:46:00,1182-Trfc Collision-No Inj,I210 E / N Vernon Ave,Baldwin Park,,,34.126196,-117.916106,7.0,37.0,36826.0,210,E,R38.911,39.2,,2.0
1232,18607457,LAHB,190313,2019-03-13 17:47:00,1125-Traffic Hazard,I210 E / N Fairoaks Ave,Altadena,,,34.151178,-118.15061599999999,7.0,37.0,56000.0,210,E,R25.22,25.2,,43.0
1246,18607474,LAHB,190313,2019-03-13 17:53:00,1125-Traffic Hazard,I210 E / Citrus Ave Oc,Baldwin Park,,,34.120767,-117.89013999999999,7.0,37.0,3386.0,210,E,R40.611,40.9,,2.0
1443,18607780,LAHB,190313,2019-03-13 21:30:00,20002-Hit and Run No Injuries,I210 E / N Lake Ave,Altadena,,,34.151665,-118.13225800000001,7.0,37.0,56000.0,210,E,R26.32,26.3,,64.0
1480,18607831,LAHB,190313,2019-03-13 22:22:00,1125-Traffic Hazard,I210 E / N Altadena Dr,Altadena,,,34.1524,-118.098669,7.0,37.0,56000.0,210,E,R28.22,28.2,,3.0
369,18608436,LAHB,190314,2019-03-14 08:40:00,1182-Trfc Collision-No Inj,I210 E / N Vernon Ave,LAFSP,,,34.126196,-117.916106,7.0,37.0,36826.0,210,E,R38.911,39.2,,35.0
440,18608533,LAHB,190314,2019-03-14 09:28:00,1125-Traffic Hazard,I210 E I605 N CON / I605 N,LAFSP,,,34.134431,-117.95700500000001,7.0,37.0,19990.0,210,E,R36.411,36.7,,0.0
447,18608543,LAHB,190314,2019-03-14 09:29:00,1125-Traffic Hazard,I210 E I605 N CON / I605 N,Baldwin Park,,,34.134431,-117.95700500000001,7.0,37.0,19990.0,210,E,R36.411,36.7,,47.0
501,18608618,LAHB,190314,2019-03-14 10:12:00,1125-Traffic Hazard,I210 E / Sr57 S,LAFSP,,,34.120135999999995,-117.83718300000001,7.0,37.0,30014.0,210,E,R43.711,44.0,,24.0
502,18608619,LAHB,190314,2019-03-14 10:10:00,1125-Traffic Hazard,I210 E / Sr57 S,Baldwin Park,,,34.120135999999995,-117.83718300000001,7.0,37.0,30014.0,210,E,R43.711,44.0,,9.0
750,18608953,LAHB,190314,2019-03-14 13:14:00,1125-Traffic Hazard,I210 E / Sr57 S,LAFSP,,,34.120135999999995,-117.83718300000001,7.0,37.0,30014.0,210,E,R43.711,44.0,,10.0
1143,18609478,LAHB,190314,2019-03-14 16:57:00,1125-Traffic Hazard,I210 E / I210 E I605 Con,LAFSP,,,34.135466,-117.965352,7.0,37.0,19990.0,210,E,R35.911,36.2,,11.0
1144,18609480,LAHB,190314,2019-03-14 16:54:00,1125-Traffic Hazard,I210 E / I210 E I605 Con,Baldwin Park,,,34.135466,-117.965352,7.0,37.0,19990.0,210,E,R35.911,36.2,,5.0
1238,18609604,LAHB,190314,2019-03-14 17:39:00,20002-Hit and Run No Injuries,I210 E / I210 E I605 Con,Baldwin Park,,,34.135466,-117.965352,7.0,37.0,19990.0,210,E,R35.911,36.2,,
1477,18609959,LAHB,190314,2019-03-14 20:50:00,1179-Trfc Collision-1141 Enrt,I210 E / N Hill Ave,Altadena,,,34.152128000000005,-118.121459,7.0,37.0,56000.0,210,E,R26.92,26.9,,56.0
231,18610532,LAHB,190315,2019-03-15 07:30:00,1182-Trfc Collision-No Inj,I210 E / Grand Ave,Baldwin Park,,,34.120519,-117.87264099999999,7.0,37.0,30014.0,210,E,R41.611,41.9,,17.0
556,18610959,LAHB,190315,2019-03-15 11:16:00,1182-Trfc Collision-No Inj,I210 E / N Santa Anita Ave,Altadena,,,34.147736,-118.03166100000001,7.0,37.0,2462.0,210,E,R31.911,32.2,,29.0
580,18610992,LAHB,190315,2019-03-15 11:33:00,1125-Traffic Hazard,I210 E / S Myrtle Ave,Baldwin Park,,,34.135357,-118.000743,7.0,37.0,48648.0,210,E,R33.911,34.2,,3.0
886,18611411,LAHB,190315,2019-03-15 14:56:00,1125-Traffic Hazard,I210 E / N Santa Anita Ave,Altadena,,,34.147736,-118.03166100000001,7.0,37.0,2462.0,210,E,R31.911,32.2,,82.0
938,18611480,LAHB,190315,2019-03-15 15:20:00,20002-Hit and Run No Injuries,I210 E / Grand Ave,Baldwin Park,,,34.120519,-117.87264099999999,7.0,37.0,30014.0,210,E,R41.611,41.9,,114.0
1250,18611901,LAHB,190315,2019-03-15 17:51:00,20002-Hit and Run No Injuries,I210 E / Sr66 Ofr,Baldwin Park,,,34.119719,-117.790177,7.0,37.0,,210,E,R46.411,46.7,,18.0
1389,18612096,LAHB,190315,2019-03-15 19:17:00,1125-Traffic Hazard,I210 E / W Huntington Dr,Baldwin Park,,,34.140308000000005,-118.01678500000001,7.0,37.0,48648.0,210,E,R32.911,33.2,,191.0
1408,18612125,LAHB,190315,2019-03-15 19:27:00,1182-Trfc Collision-No Inj,I210 E / W Huntington Dr,Baldwin Park,,,34.140308000000005,-118.01678500000001,7.0,37.0,48648.0,210,E,R32.911,33.2,,37.0
1477,18612219,LAHB,190315,2019-03-15 20:25:00,1125-Traffic Hazard,I210 E / Sr57 S,Baldwin Park,,,34.120135999999995,-117.83718300000001,7.0,37.0,30014.0,210,E,R43.711,44.0,,39.0
1573,18612370,LAHB,190315,2019-03-15 22:18:00,1182-Trfc Collision-No Inj,I210 E / N Vernon Ave,Baldwin Park,,,34.126196,-117.916106,7.0,37.0,36826.0,210,E,R38.911,39.2,,36.0
2,18612510,LAHB,190316,2019-03-16 00:08:00,1125-Traffic Hazard,I210 E / Sr57 S,Baldwin Park,,,34.120135999999995,-117.83718300000001,7.0,37.0,30014.0,210,E,R43.711,44.0,,0.0
215,18612847,LAHB,190316,2019-03-16 08:10:00,1125-Traffic Hazard,I210 E / Sunflower Ave,Baldwin Park,,,34.117489,-117.84631999999999,7.0,37.0,30014.0,210,E,R43.211,43.5,,0.0
242,18612884,LAHB,190316,2019-03-16 08:46:00,CFIRE-Car Fire,I210 E / Grand Ave,Baldwin Park,,,34.120519,-117.87264099999999,7.0,37.0,30014.0,210,E,R41.611,41.9,,66.0
420,18613123,LAHB,190316,2019-03-16 11:10:00,1125-Traffic Hazard,I210 E I605 Con / I210 E I605 S Con,Baldwin Park,,,34.135335999999995,-117.964376,7.0,37.0,19990.0,210,E,R36.011,36.3,,57.0
734,18613556,LAHB,190316,2019-03-16 14:29:00,1183-Trfc Collision-Unkn Inj,I210 E / N Santa Anita Ave,LAFSP,,,34.147736,-118.03166100000001,7.0,37.0,2462.0,210,E,R31.911,32.2,,26.0
1077,18614034,LAHB,190316,2019-03-16 18:19:00,1182-Trfc Collision-No Inj,I210 E I605 Con / I210 E I605 S Con,Baldwin Park,,,34.135335999999995,-117.964376,7.0,37.0,19990.0,210,E,R36.011,36.3,,20.0
1103,18614081,LAHB,190316,2019-03-16 18:49:00,CFIRE-Car Fire,I210 E / N Irwindale Ave,Baldwin Park,,,34.129715999999995,-117.933687,7.0,37.0,36826.0,210,E,R37.811,38.1,,2.0
1105,18614083,LAHB,190316,2019-03-16 18:47:00,23114-Object Flying From Veh,I210 E / S Myrtle Ave,Baldwin Park,,,34.135357,-118.000743,7.0,37.0,48648.0,210,E,R33.911,34.2,,47.0
1121,18614112,LAHB,190316,2019-03-16 19:03:00,1182-Trfc Collision-No Inj,I210 E / N Rosemead Blvd,Altadena,,,34.148192,-118.073425,7.0,37.0,,210,E,R29.511,29.8,,6.0
1227,18614277,LAHB,190316,2019-03-16 20:50:00,1125-Traffic Hazard,Lake Ave Onr / I210 E,Altadena,,,34.151858000000004,-118.12562,7.0,37.0,56000.0,210,E,R26.72,26.7,,2.0
133,18614714,LAHB,190317,2019-03-17 04:49:00,1125-Traffic Hazard,I210 E / I210 E I605 N Con,Baldwin Park,,,34.135132,-117.961403,7.0,37.0,19990.0,210,E,R36.211,36.5,,25.0
356,18615042,LAHB,190317,2019-03-17 10:45:00,1125-Traffic Hazard,I210 E / W Huntington Dr,Baldwin Park,,,34.140308000000005,-118.01678500000001,7.0,37.0,48648.0,210,E,R32.911,33.2,,58.0
371,18615061,LAHB,190317,2019-03-17 10:59:00,1125-Traffic Hazard,I210 E / N Baldwin Ave,Altadena,,,34.148653,-118.050169,7.0,37.0,2462.0,210,E,R30.811,31.1,,40.0
434,18615150,LAHB,190317,2019-03-17 11:56:00,1182-Trfc Collision-No Inj,I210 E / N Vernon Ave,Baldwin Park,,,34.126196,-117.916106,7.0,37.0,36826.0,210,E,R38.911,39.2,,94.0
533,18615297,LAHB,190317,2019-03-17 13:17:00,1183-Trfc Collision-Unkn Inj,I210 E / Sunflower Ave,Baldwin Park,,,34.117489,-117.84631999999999,7.0,37.0,30014.0,210,E,R43.211,43.5,,1.0
534,18615298,LAHB,190317,2019-03-17 13:14:00,1179-Trfc Collision-1141 Enrt,I210 E / Citrus Ave Oc,Baldwin Park,,,34.120767,-117.89013999999999,7.0,37.0,3386.0,210,E,R40.611,40.9,,13.0
549,18615319,LAHB,190317,2019-03-17 13:24:00,1179-Trfc Collision-1141 Enrt,I210 E / I605 S I210 E Con,Baldwin Park,,,34.133495,-117.954858,7.0,37.0,36826.0,210,E,R36.611,36.9,,29.0
887,18615811,LAHB,190317,2019-03-17 18:10:00,1125-Traffic Hazard,I210 E / Sr57 S,Baldwin Park,,,34.120135999999995,-117.83718300000001,7.0,37.0,30014.0,210,E,R43.711,44.0,,3.0
942,18615894,LAHB,190317,2019-03-17 18:57:00,1182-Trfc Collision-No Inj,I210 E / N Fairoaks Ave,Altadena,,,34.151178,-118.15061599999999,7.0,37.0,56000.0,210,E,R25.22,25.2,,
1070,18616112,LAHB,190317,2019-03-17 21:28:00,1125-Traffic Hazard,I210 E / N Lake Ave,Altadena,,,34.151665,-118.13225800000001,7.0,37.0,56000.0,210,E,R26.32,26.3,,2.0
1089,18616137,LAHB,190317,2019-03-17 21:53:00,CLOSURE of a Road,I210 E / N Lake Ave,Altadena,,,34.151665,-118.13225800000001,7.0,37.0,56000.0,210,E,R26.32,26.3,,1.0
1129,18616205,LAHB,190317,2019-03-17 23:03:00,1125-Traffic Hazard,I210 E / Huntington Dr W Onr,Baldwin Park,,,34.139932,-118.01641200000002,7.0,37.0,48648.0,210,E,R32.911,33.2,,28.0
1146,18616233,LAHB,190317,2019-03-17 23:24:00,1179-Trfc Collision-1141 Enrt,I210 E / Huntington Dr W Onr,Baldwin Park,,,34.139932,-118.01641200000002,7.0,37.0,48648.0,210,E,R32.911,33.2,,71.0
1148,18616236,LAHB,190317,2019-03-17 23:29:00,1183-Trfc Collision-Unkn Inj,I210 E / N Santa Anita Ave,Altadena,,,34.147736,-118.03166100000001,7.0,37.0,2462.0,210,E,R31.911,32.2,,245.0
250,18616637,LAHB,190318,2019-03-18 07:20:00,1125-Traffic Hazard,I210 E / N Santa Anita Ave,Altadena,,,34.147736,-118.03166100000001,7.0,37.0,2462.0,210,E,R31.911,32.2,,18.0
300,18616712,LAHB,190318,2019-03-18 07:58:00,1125-Traffic Hazard,I210 E / Grand Ave,LAFSP,,,34.120519,-117.87264099999999,7.0,37.0,30014.0,210,E,R41.611,41.9,,11.0
301,18616713,LAHB,190318,2019-03-18 07:55:00,1125-Traffic Hazard,I210 E / Grand Ave,Baldwin Park,,,34.120519,-117.87264099999999,7.0,37.0,30014.0,210,E,R41.611,41.9,,17.0
313,18616731,LAHB,190318,2019-03-18 08:00:00,1125-Traffic Hazard,I210 E / Sunflower Ave,Baldwin Park,,,34.117489,-117.84631999999999,7.0,37.0,30014.0,210,E,R43.211,43.5,,1.0
353,18616798,LAHB,190318,2019-03-18 08:32:00,1182-Trfc Collision-No Inj,I210 E / Azusa Ave,Baldwin Park,,,34.120486,-117.90758899999999,7.0,37.0,3386.0,210,E,R39.611,39.9,,70.0
529,18617051,LAHB,190318,2019-03-18 10:48:00,1125-Traffic Hazard,I210 E / N Rosemead Blvd,Altadena,,,34.148192,-118.073425,7.0,37.0,,210,E,R29.511,29.8,,9.0
530,18617052,LAHB,190318,2019-03-18 10:46:00,1125-Traffic Hazard,I210 E / N Baldwin Ave,Altadena,,,34.148653,-118.050169,7.0,37.0,2462.0,210,E,R30.811,31.1,,6.0
652,18617219,LAHB,190318,2019-03-18 12:16:00,1125-Traffic Hazard,I210 E / N Rosemead Blvd,Altadena,,,34.148192,-118.073425,7.0,37.0,,210,E,R29.511,29.8,,3.0
799,18617421,LAHB,190318,2019-03-18 14:02:00,1182-Trfc Collision-No Inj,I210 E / N Irwindale Ave,Baldwin Park,,,34.129715999999995,-117.933687,7.0,37.0,36826.0,210,E,R37.811,38.1,,98.0
800,18617422,LAHB,190318,2019-03-18 14:00:00,1125-Traffic Hazard,I210 E / Lone Hill Ave,Baldwin Park,,,34.120858,-117.828915,7.0,37.0,30014.0,210,E,R44.211,44.5,,6.0
909,18617589,LAHB,190318,2019-03-18 15:23:00,1183-Trfc Collision-Unkn Inj,I210 E / N San Dimas Ave,LAFSP,,,34.119658,-117.80720500000001,7.0,37.0,66070.0,210,E,R45.511,45.8,,0.0
910,18617590,LAHB,190318,2019-03-18 15:21:00,1183-Trfc Collision-Unkn Inj,I210 E / N San Dimas Ave,Baldwin Park,,,34.119658,-117.80720500000001,7.0,37.0,66070.0,210,E,R45.511,45.8,,32.0
917,18617601,LAHB,190318,2019-03-18 15:29:00,1182-Trfc Collision-No Inj,I210 E / Sunflower Ave,LAFSP,,,34.117489,-117.84631999999999,7.0,37.0,30014.0,210,E,R43.211,43.5,,84.0
918,18617602,LAHB,190318,2019-03-18 15:28:00,1182-Trfc Collision-No Inj,I210 E / Sunflower Ave,Baldwin Park,,,34.117489,-117.84631999999999,7.0,37.0,30014.0,210,E,R43.211,43.5,,14.0
929,18617618,LAHB,190318,2019-03-18 15:31:00,1125-Traffic Hazard,I210 E / Lone Hill Ave,Baldwin Park,,,34.120858,-117.828915,7.0,37.0,30014.0,210,E,R44.211,44.5,,15.0
930,18617619,LAHB,190318,2019-03-18 15:30:00,1125-Traffic Hazard,I210 E / Lone Hill Ave,LAFSP,,,34.120858,-117.828915,7.0,37.0,30014.0,210,E,R44.211,44.5,,4.0
938,18617628,LAHB,190318,2019-03-18 15:37:00,1182-Trfc Collision-No Inj,I210 E / GRAND AVE,LAFSP,,,34.120519,-117.87264099999999,7.0,37.0,30014.0,210,E,R41.611,41.9,,22.0
1297,18618119,LAHB,190318,2019-03-18 19:06:00,1125-Traffic Hazard,I210 E / Sr57 S,Baldwin Park,,,34.120135999999995,-117.83718300000001,7.0,37.0,30014.0,210,E,R43.711,44.0,,11.0
1314,18618146,LAHB,190318,2019-03-18 19:25:00,1183-Trfc Collision-Unkn Inj,I210 E / S Myrtle Ave,Baldwin Park,,,34.135357,-118.000743,7.0,37.0,48648.0,210,E,R33.911,34.2,,3.0
1387,18618257,LAHB,190318,2019-03-18 20:35:00,1125-Traffic Hazard,I210 E / CITRUS AVE N ONR,Baldwin Park,,,34.120806,-117.886408,7.0,37.0,3386.0,210,E,R40.811,41.1,,8.0
95,18618626,LAHB,190319,2019-03-19 05:33:00,1125-Traffic Hazard,I210 E / HUNTINGTON DR OFR,Altadena,,,34.142933,-118.021097,7.0,37.0,2462.0,210,E,R32.611,32.9,,206.0
207,18618773,LAHB,190319,2019-03-19 06:57:00,SIG Alert,I210 E / Huntington Dr Ofr,Altadena,,,34.142933,-118.021097,7.0,37.0,2462.0,210,E,R32.611,32.9,,3.0
559,18619249,LAHB,190319,2019-03-19 11:05:00,BREAK-Traffic Break,I210 E / Madre St,Altadena,,,34.14755,-118.08203799999998,7.0,37.0,56000.0,210,E,R29.32,29.3,,3.0
1053,18619942,LAHB,190319,2019-03-19 16:34:00,1183-Trfc Collision-Unkn Inj,La210447tc I210 E / Sr57 S Con,LAFSP,,,34.120135999999995,-117.83718300000001,7.0,37.0,30014.0,210,E,R43.711,44.0,,25.0
1054,18619943,LAHB,190319,2019-03-19 16:33:00,1183-Trfc Collision-Unkn Inj,La210447tc I210 E / Sr57 S Con,Baldwin Park,,,34.120135999999995,-117.83718300000001,7.0,37.0,30014.0,210,E,R43.711,44.0,,75.0
1079,18619975,LAHB,190319,2019-03-19 16:52:00,1183-Trfc Collision-Unkn Inj,I210 E / Sunflower Ave,Baldwin Park,,,34.117489,-117.84631999999999,7.0,37.0,30014.0,210,E,R43.211,43.5,,24.0
1355,18620368,LAHB,190319,2019-03-19 20:22:00,1183-Trfc Collision-Unkn Inj,I210 E / N Irwindale Ave,Baldwin Park,,,34.129715999999995,-117.933687,7.0,37.0,36826.0,210,E,R37.811,38.1,,16.0
1367,18620391,LAHB,190319,2019-03-19 20:48:00,1125-Traffic Hazard,I210 E / Corson St Ofr,Altadena,,,34.152355,-118.10534299999999,7.0,37.0,56000.0,210,E,R27.92,27.9,,14.0
230,18620911,LAHB,190320,2019-03-20 06:59:00,1125-Traffic Hazard,I210 E / Irwindale Ave Onr,Baldwin Park,,,34.130584000000006,-117.92986299999998,7.0,37.0,36826.0,210,E,R38.111,38.4,,28.0
415,18621145,LAHB,190320,2019-03-20 08:46:00,1125-Traffic Hazard,I210 E / S Myrtle Ave,Baldwin Park,,,34.135357,-118.000743,7.0,37.0,48648.0,210,E,R33.911,34.2,,2.0
669,18621495,LAHB,190320,2019-03-20 11:55:00,1125-Traffic Hazard,I210 E / N Rosemead Blvd,LAFSP,,,34.148192,-118.073425,7.0,37.0,,210,E,R29.511,29.8,,22.0
686,18621514,LAHB,190320,2019-03-20 12:07:00,1183-Trfc Collision-Unkn Inj,I210 E / Sr57 S,LAFSP,,,34.120135999999995,-117.83718300000001,7.0,37.0,30014.0,210,E,R43.711,44.0,,19.0
687,18621515,LAHB,190320,2019-03-20 12:06:00,1183-Trfc Collision-Unkn Inj,I210 E / Sr57 S,Baldwin Park,,,34.120135999999995,-117.83718300000001,7.0,37.0,30014.0,210,E,R43.711,44.0,,43.0
854,18621761,LAHB,190320,2019-03-20 14:14:00,1125-Traffic Hazard,I210 E / N San Dimas Ave,Baldwin Park,,,34.119658,-117.80720500000001,7.0,37.0,66070.0,210,E,R45.511,45.8,,53.0
856,18621763,LAHB,190320,2019-03-20 14:12:00,1125-Traffic Hazard,I210 E / N San Dimas Ave,LAFSP,,,34.119658,-117.80720500000001,7.0,37.0,66070.0,210,E,R45.511,45.8,,16.0
896,18621815,LAHB,190320,2019-03-20 14:30:00,1125-Traffic Hazard,I210 E / N Marengo Ave,Altadena,,,34.151542,-118.146083,7.0,37.0,56000.0,210,E,R25.52,25.5,,16.0
1281,18622331,LAHB,190320,2019-03-20 17:49:00,1182-Trfc Collision-No Inj,I210 E / N Fairoaks Ave,Altadena,,,34.151178,-118.15061599999999,7.0,37.0,56000.0,210,E,R25.22,25.2,,21.0
1306,18622367,LAHB,190320,2019-03-20 18:12:00,1166-Defective Traffic Signals,I210 E / Baldwin Ave Ofr,Altadena,,,34.148621999999996,-118.05449399999999,7.0,37.0,2462.0,210,E,R30.611,30.9,,91.0
1438,18622569,LAHB,190320,2019-03-20 20:05:00,1125-Traffic Hazard,I210 E / N Baldwin Ave,Altadena,,,34.148653,-118.050169,7.0,37.0,2462.0,210,E,R30.811,31.1,,27.0
75,18622937,LAHB,190321,2019-03-21 05:15:00,1182-Trfc Collision-No Inj,I210 E / Grand Ave Ofr,Baldwin Park,,,34.120852,-117.87978999999999,7.0,37.0,3386.0,210,E,R41.211,41.5,,81.0
97,18622966,LAHB,190321,2019-03-21 05:52:00,1183-Trfc Collision-Unkn Inj,I210 E / Sunflower Ave,Baldwin Park,,,34.117489,-117.84631999999999,7.0,37.0,30014.0,210,E,R43.211,43.5,,28.0
98,18622967,LAHB,190321,2019-03-21 05:50:00,1182-Trfc Collision-No Inj,I210 E / Grand Ave Ofr,LAFSP,,,34.120852,-117.87978999999999,7.0,37.0,3386.0,210,E,R41.211,41.5,,5.0
250,18623179,LAHB,190321,2019-03-21 07:37:00,1125-Traffic Hazard,I210 E / I605 S I210 E Con,Baldwin Park,,,34.133495,-117.954858,7.0,37.0,36826.0,210,E,R36.611,36.9,,1.0
274,18623217,LAHB,190321,2019-03-21 08:02:00,1125-Traffic Hazard,I210 E / N Rosemead Blvd,Altadena,,,34.148192,-118.073425,7.0,37.0,,210,E,R29.511,29.8,,32.0
283,18623231,LAHB,190321,2019-03-21 08:04:00,1125-Traffic Hazard,I210 E / N Rosemead Blvd,Altadena,,,34.148192,-118.073425,7.0,37.0,,210,E,R29.511,29.8,,0.0
345,18623320,LAHB,190321,2019-03-21 08:49:00,1125-Traffic Hazard,I210 E / Citrus Ave Ofr,LAFSP,,,34.120876,-117.89477,7.0,37.0,3386.0,210,E,R40.311,40.6,,27.0
346,18623321,LAHB,190321,2019-03-21 08:47:00,1125-Traffic Hazard,I210 E / Citrus Ave Ofr,Baldwin Park,,,34.120876,-117.89477,7.0,37.0,3386.0,210,E,R40.311,40.6,,118.0
628,18623701,LAHB,190321,2019-03-21 11:55:00,1125-Traffic Hazard,I210 E / Sr57 S,LAFSP,,,34.120135999999995,-117.83718300000001,7.0,37.0,30014.0,210,E,R43.711,44.0,,20.0
766,18623905,LAHB,190321,2019-03-21 13:38:00,1125-Traffic Hazard,I210 E / Lone Hill Ave,Baldwin Park,,,34.120858,-117.828915,7.0,37.0,30014.0,210,E,R44.211,44.5,,5.0
855,18624027,LAHB,190321,2019-03-21 14:40:00,1125-Traffic Hazard,I210 E / Citrus Ave Ofr,Baldwin Park,,,34.120876,-117.89477,7.0,37.0,3386.0,210,E,R40.311,40.6,,28.0
884,18624068,LAHB,190321,2019-03-21 14:54:00,1125-Traffic Hazard,I210 E / N San Dimas Ave,Baldwin Park,,,34.119658,-117.80720500000001,7.0,37.0,66070.0,210,E,R45.511,45.8,,14.0
1265,18624574,LAHB,190321,2019-03-21 18:25:00,ANIMAL-Live or Dead Animal,LA210304 I210 E / EO MICHILINDA AV,Altadena,,,34.148563,-118.067743,7.0,37.0,,210,E,R29.811,30.1,,1.0
1319,18624648,LAHB,190321,2019-03-21 19:05:00,1183-Trfc Collision-Unkn Inj,I210 E / I210 E I605 CON,Baldwin Park,,,34.135466,-117.965352,7.0,37.0,19990.0,210,E,R35.911,36.2,,4.0
1347,18624695,LAHB,190321,2019-03-21 19:34:00,1182-Trfc Collision-No Inj,I210 E / W Huntington Dr,Baldwin Park,,,34.140308000000005,-118.01678500000001,7.0,37.0,48648.0,210,E,R32.911,33.2,,2.0
1363,18624719,LAHB,190321,2019-03-21 19:50:00,1179-Trfc Collision-1141 Enrt,I210 E / Baldwin Ave Onr,Altadena,,,34.148674,-118.046869,7.0,37.0,2462.0,210,E,R31.011,31.3,,17.0
1431,18624843,LAHB,190321,2019-03-21 21:17:00,1183-Trfc Collision-Unkn Inj,I210 E / Lake Ave Ofr,Altadena,,,34.151683,-118.139351,7.0,37.0,56000.0,210,E,R25.92,25.9,,75.0
40,18625060,LAHB,190322,2019-03-22 02:17:00,1183-Trfc Collision-Unkn Inj,I210 E / N Sierra Madre Blvd,Altadena,,,34.1524,-118.09495,7.0,37.0,56000.0,210,E,R28.42,28.4,,123.0
41,18625061,LAHB,190322,2019-03-22 02:13:00,1125-Traffic Hazard,I210 E / N Lake Ave,Altadena,,,34.151665,-118.13225800000001,7.0,37.0,56000.0,210,E,R26.32,26.3,,1.0
127,18625195,LAHB,190322,2019-03-22 06:05:00,1125-Traffic Hazard,I210 E / N Altadena Dr,Altadena,,,34.1524,-118.098669,7.0,37.0,56000.0,210,E,R28.22,28.2,,3.0
158,18625232,LAHB,190322,2019-03-22 06:34:00,1125-Traffic Hazard,I210 E / FRUIT ST,Baldwin Park,,,34.119486,-117.76161,7.0,37.0,40830.0,210,E,R48.111,48.4,,8.0
339,18625489,LAHB,190322,2019-03-22 08:33:00,1182-Trfc Collision-No Inj,I210 E / Sunflower Ave,Baldwin Park,,,34.117489,-117.84631999999999,7.0,37.0,30014.0,210,E,R43.211,43.5,,14.0
482,18625670,LAHB,190322,2019-03-22 10:08:00,1182-Trfc Collision-No Inj,La210374 I210 E / Wo Irwindale Av,Baldwin Park,,,34.129519,-117.93425900000001,7.0,37.0,36826.0,210,E,R37.811,38.1,,19.0
483,18625671,LAHB,190322,2019-03-22 10:07:00,20002-Hit and Run No Injuries,I210 E / I605 N I210 E Con,Baldwin Park,,,34.132464,-117.951128,7.0,37.0,36826.0,210,E,R36.811,37.1,,275.0
484,18625672,LAHB,190322,2019-03-22 10:06:00,1125-Traffic Hazard,I210 E / N Irwindale Ave,Baldwin Park,,,34.129715999999995,-117.933687,7.0,37.0,36826.0,210,E,R37.811,38.1,,1.0
550,18625756,LAHB,190322,2019-03-22 10:51:00,1183-Trfc Collision-Unkn Inj,I210 E / N Santa Anita Ave,LAFSP,,,34.147736,-118.03166100000001,7.0,37.0,2462.0,210,E,R31.911,32.2,,10.0
632,18625872,LAHB,190322,2019-03-22 11:58:00,1125-Traffic Hazard,I210 E / N San Dimas Ave,Baldwin Park,,,34.119658,-117.80720500000001,7.0,37.0,66070.0,210,E,R45.511,45.8,,2.0
825,18626134,LAHB,190322,2019-03-22 14:05:00,1182-Trfc Collision-No Inj,I210 E / N Marengo Ave,Altadena,,,34.151542,-118.146083,7.0,37.0,56000.0,210,E,R25.52,25.5,,54.0
887,18626220,LAHB,190322,2019-03-22 14:43:00,20002-Hit and Run No Injuries,I210 E / N Santa Anita Ave,LAFSP,,,34.147736,-118.03166100000001,7.0,37.0,2462.0,210,E,R31.911,32.2,,24.0
888,18626221,LAHB,190322,2019-03-22 14:42:00,1125-Traffic Hazard,I210 E / Santa Anita Ave Ofr,LAFSP,,,34.148127,-118.03493799999998,7.0,37.0,2462.0,210,E,R31.711,32.0,,49.0
889,18626222,LAHB,190322,2019-03-22 14:41:00,1125-Traffic Hazard,I210 E / Santa Anita Ave Ofr,Altadena,,,34.148127,-118.03493799999998,7.0,37.0,2462.0,210,E,R31.711,32.0,,1.0
890,18626223,LAHB,190322,2019-03-22 14:40:00,20002-Hit and Run No Injuries,I210 E / N Santa Anita Ave,Altadena,,,34.147736,-118.03166100000001,7.0,37.0,2462.0,210,E,R31.911,32.2,,29.0
898,18626235,LAHB,190322,2019-03-22 14:45:00,20002-Hit and Run No Injuries,I210 E / Irwindale Ave Onr,Baldwin Park,,,34.130584000000006,-117.92986299999998,7.0,37.0,36826.0,210,E,R38.111,38.4,,27.0
949,18626304,LAHB,190322,2019-03-22 15:11:00,1179-Trfc Collision-1141Enrt,I210 E / I210 E I605 Con,LAFSP,,,34.135466,-117.965352,7.0,37.0,19990.0,210,E,R35.911,36.2,,27.0
1027,18626409,LAHB,190322,2019-03-22 15:47:00,1125-Traffic Hazard,I210 E / Lake Ave Ofr,Altadena,,,34.151683,-118.139351,7.0,37.0,56000.0,210,E,R25.92,25.9,,2.0
1423,18626951,LAHB,190322,2019-03-22 19:45:00,1125-Traffic Hazard,I210 E / N Rosemead Blvd,Altadena,,,34.148192,-118.073425,7.0,37.0,,210,E,R29.511,29.8,,35.0
1543,18627145,LAHB,190322,2019-03-22 21:45:00,1125-Traffic Hazard,I210 E / SANTA ANITA AVE OFR,Altadena,,,34.148127,-118.03493799999998,7.0,37.0,2462.0,210,E,R31.711,32.0,,21.0
1560,18627167,LAHB,190322,2019-03-22 22:01:00,1179-Trfc Collision-1141 Enrt,I210 E / S Myrtle Ave,Baldwin Park,,,34.135357,-118.000743,7.0,37.0,48648.0,210,E,R33.911,34.2,,21.0
316,18627762,LAHB,190323,2019-03-23 07:33:00,1125-Traffic Hazard,I210 E / I210 E I605 Con,Baldwin Park,,,34.135466,-117.965352,7.0,37.0,19990.0,210,E,R35.911,36.2,,3.0
642,18628238,LAHB,190323,2019-03-23 12:22:00,1183-Trfc Collision-Unkn Inj,I210 E / I210 E I605 Con,Baldwin Park,,,34.135466,-117.965352,7.0,37.0,19990.0,210,E,R35.911,36.2,,52.0
738,18628369,LAHB,190323,2019-03-23 13:36:00,1182-Trfc Collision-No Inj,I210 E / Sr134 E,LAFSP,,,34.151692,-118.14161299999999,7.0,37.0,56000.0,210,E,R25.82,25.8,,20.0
739,18628370,LAHB,190323,2019-03-23 13:35:00,1182-Trfc Collision-No Inj,I210 E / Sr134 E,Altadena,,,34.151692,-118.14161299999999,7.0,37.0,56000.0,210,E,R25.82,25.8,,21.0
741,18628372,LAHB,190323,2019-03-23 13:30:00,23114-Object Flying From Veh,I210 E / I210 E I605 Con,Baldwin Park,,,34.135466,-117.965352,7.0,37.0,19990.0,210,E,R35.911,36.2,,35.0
808,18628474,LAHB,190323,2019-03-23 14:18:00,1183-Trfc Collision-Unkn Inj,I210 E / N Irwindale Ave,Baldwin Park,,,34.129715999999995,-117.933687,7.0,37.0,36826.0,210,E,R37.811,38.1,,15.0
901,18628611,LAHB,190323,2019-03-23 15:33:00,1182-Trfc Collision-No Inj,I210 E / Sr134 E,LAFSP,,,34.151692,-118.14161299999999,7.0,37.0,56000.0,210,E,R25.82,25.8,,7.0
903,18628613,LAHB,190323,2019-03-23 15:31:00,1182-Trfc Collision-No Inj,I210 E / Sr134 E,Altadena,,,34.151692,-118.14161299999999,7.0,37.0,56000.0,210,E,R25.82,25.8,,64.0
916,18628627,LAHB,190323,2019-03-23 15:29:00,1179-Trfc Collision-1141 Enrt,I210 E / E Colorado Blvd Ofr,Altadena,,,34.147968,-118.074859,7.0,37.0,56000.0,210,E,L29.72,29.7,,2.0
1062,18628849,LAHB,190323,2019-03-23 17:34:00,1125-Traffic Hazard,I210 E / Sunflower Ave,Baldwin Park,,,34.117489,-117.84631999999999,7.0,37.0,30014.0,210,E,R43.211,43.5,,0.0
1246,18629189,LAHB,190323,2019-03-23 21:43:00,MZP-Assist CT with Maintenance,I210 E / I210 E I605 Con,Baldwin Park,,,34.135466,-117.965352,7.0,37.0,19990.0,210,E,R35.911,36.2,,1.0
53,18629421,LAHB,190324,2019-03-24 01:44:00,1125-Traffic Hazard,I210 E / Grand Ave,Baldwin Park,,,34.120519,-117.87264099999999,7.0,37.0,30014.0,210,E,R41.611,41.9,,19.0
68,18629442,LAHB,190324,2019-03-24 02:24:00,1125-Traffic Hazard,I210 E / Fruit St,Baldwin Park,,,34.119486,-117.76161,7.0,37.0,40830.0,210,E,R48.111,48.4,,1.0
82,18629461,INHB,190324,2019-03-24 02:45:00,1125-Traffic Hazard,I210 E / Fruit St,LACC,,,34.119488,-117.761606,7.0,37.0,40830.0,210,E,R48.111,48.4,,
179,18629609,LAHB,190324,2019-03-24 06:50:00,1125-Traffic Hazard,I210 E / S Myrtle Ave,Baldwin Park,,,34.135357,-118.000743,7.0,37.0,48648.0,210,E,R33.911,34.2,,5.0
481,18630042,LAHB,190324,2019-03-24 12:46:00,1125-Traffic Hazard,I210 E / Live Oak Canyon Rd,LAFSP,,,34.120503,-117.743753,7.0,37.0,13756.0,210,E,R49.111,49.4,,23.0
482,18630043,LAHB,190324,2019-03-24 12:44:00,1125-Traffic Hazard,I210 E / Live Oak Canyon Rd,Baldwin Park,,,34.120503,-117.743753,7.0,37.0,13756.0,210,E,R49.111,49.4,,25.0
807,18630524,LAHB,190324,2019-03-24 17:23:00,1182-Trfc Collision-No Inj,I210 E / S Myrtle Ave,Baldwin Park,,,34.135357,-118.000743,7.0,37.0,48648.0,210,E,R33.911,34.2,,14.0
870,18630621,LAHB,190324,2019-03-24 18:31:00,1182-Trfc Collision-No Inj,La210364 I210 E / Wo I605 N,LAFSP,,,34.134101,-117.95713300000001,7.0,37.0,19990.0,210,E,R36.411,36.7,,1.0
893,18630664,LAHB,190324,2019-03-24 19:01:00,1182-Trfc Collision-No Inj,I210 E / Buena Vista St Ofr,Baldwin Park,,,34.135366999999995,-117.986896,7.0,37.0,48648.0,210,E,R34.711,35.0,,11.0
918,18630707,LAHB,190324,2019-03-24 19:33:00,1125-Traffic Hazard,I210 E / Grand Ave,Baldwin Park,,,34.120519,-117.87264099999999,7.0,37.0,30014.0,210,E,R41.611,41.9,,142.0
919,18630708,LAHB,190324,2019-03-24 19:32:00,1183-Trfc Collision-Unkn Inj,I210 E / Sr57 S,Baldwin Park,,,34.120135999999995,-117.83718300000001,7.0,37.0,30014.0,210,E,R43.711,44.0,,51.0
108,18631170,LAHB,190325,2019-03-25 05:50:00,20002-Hit and Run No Injuries,I210 E / N Lake Ave,Altadena,,,34.151665,-118.13225800000001,7.0,37.0,56000.0,210,E,R26.32,26.3,,3.0
242,18631363,LAHB,190325,2019-03-25 07:56:00,1182-Trfc Collision-No Inj,I210 E / Azusa Ave,Baldwin Park,,,34.120486,-117.90758899999999,7.0,37.0,3386.0,210,E,R39.611,39.9,,59.0
346,18631506,LAHB,190325,2019-03-25 09:08:00,1125-Traffic Hazard,I210 E / Foothill Blvd Onr,Baldwin Park,,,34.119546,-117.778985,7.0,37.0,40830.0,210,E,R47.111,47.4,,21.0
453,18631660,LAHB,190325,2019-03-25 10:29:00,1125-Traffic Hazard,I210 E / Fruit St,Baldwin Park,,,34.119486,-117.76161,7.0,37.0,40830.0,210,E,R48.111,48.4,,14.0
464,18631676,LAHB,190325,2019-03-25 10:44:00,1125-Traffic Hazard,I210 E / FOOTHILL BLVD / La Verne (81-208),Baldwin Park,,,34.119925,-117.786924,7.0,37.0,,210,E,R46.611,46.9,,93.0
465,18631677,LAHB,190325,2019-03-25 10:43:00,1125-Traffic Hazard,I210 E / FOOTHILL BLVD / La Verne (81-208),LAFSP,,,34.119925,-117.786924,7.0,37.0,,210,E,R46.611,46.9,,0.0
541,18631796,LAHB,190325,2019-03-25 11:41:00,1182-Trfc Collision-No Inj,I210 E / N Rosemead Blvd,Altadena,,,34.148192,-118.073425,7.0,37.0,,210,E,R29.511,29.8,,45.0
603,18631892,LAHB,190325,2019-03-25 12:34:00,1125-Traffic Hazard,I210 E / I210 E I605 Con,Baldwin Park,,,34.135466,-117.965352,7.0,37.0,19990.0,210,E,R35.911,36.2,,26.0
655,18631968,LAHB,190325,2019-03-25 13:19:00,1182-Trfc Collision-No Inj,I210 E / Azusa Ave,LAFSP,,,34.120486,-117.90758899999999,7.0,37.0,3386.0,210,E,R39.611,39.9,,5.0
656,18631969,LAHB,190325,2019-03-25 13:17:00,1182-Trfc Collision-No Inj,I210 E / Azusa Ave,Baldwin Park,,,34.120486,-117.90758899999999,7.0,37.0,3386.0,210,E,R39.611,39.9,,28.0
747,18632096,LAHB,190325,2019-03-25 14:19:00,1125-Traffic Hazard,I210 E / N Fairoaks Ave,Altadena,,,34.151178,-118.15061599999999,7.0,37.0,56000.0,210,E,R25.22,25.2,,14.0
845,18632232,LAHB,190325,2019-03-25 15:29:00,1183-Trfc Collision-Unkn Inj,I210 E / N Lake Ave,LAFSP,,,34.151665,-118.13225800000001,7.0,37.0,56000.0,210,E,R26.32,26.3,,86.0
847,18632234,LAHB,190325,2019-03-25 15:26:00,1125-Traffic Hazard,I210 E / N Sierra Madre Blvd Ofr,LAFSP,,,34.152386,-118.100067,7.0,37.0,56000.0,210,E,R28.22,28.2,,1.0
848,18632235,LAHB,190325,2019-03-25 15:24:00,1125-Traffic Hazard,I210 E / N Sierra Madre Blvd Ofr,Altadena,,,34.152386,-118.100067,7.0,37.0,56000.0,210,E,R28.22,28.2,,1.0
900,18632317,LAHB,190325,2019-03-25 15:59:00,1125-Traffic Hazard,I210 E / Mt Olive,LAFSP,,,34.133883000000004,-117.95642099999999,7.0,37.0,36826.0,210,E,R36.511,36.8,,49.0
990,18632431,LAHB,190325,2019-03-25 16:46:00,1182-Trfc Collision-No Inj,I210 E / N San Dimas Ave,LAFSP,,,34.119658,-117.80720500000001,7.0,37.0,66070.0,210,E,R45.511,45.8,,7.0
1321,18632931,LAHB,190325,2019-03-25 21:36:00,20002-Hit and Run No Injuries,I210 E / Sunflower Ave,Baldwin Park,,,34.117489,-117.84631999999999,7.0,37.0,30014.0,210,E,R43.211,43.5,,23.0
52,18633166,LAHB,190326,2019-03-26 04:10:00,1125-Traffic Hazard,I210 E / Madre St,Altadena,,,34.14755,-118.08203799999998,7.0,37.0,56000.0,210,E,R29.32,29.3,,2.0
64,18633182,LAHB,190326,2019-03-26 04:37:00,1183-Trfc Collision-Unkn Inj,I210 E / Sr57 N Sr210 E Con,Baldwin Park,,,34.119964,-117.818817,7.0,37.0,30014.0,210,E,R44.811,45.1,,125.0
232,18633404,LAHB,190326,2019-03-26 07:07:00,1182-Trfc Collision-No Inj,I210 E / I210 E I605 Con,Baldwin Park,,,34.135466,-117.965352,7.0,37.0,19990.0,210,E,R35.911,36.2,,50.0
233,18633405,LAHB,190326,2019-03-26 07:05:00,1179-Trfc Collision-1141 Enrt,I210 E / I210 E I605 Con,Baldwin Park,,,34.135466,-117.965352,7.0,37.0,19990.0,210,E,R35.911,36.2,,96.0
237,18633412,LAHB,190326,2019-03-26 07:12:00,1183-Trfc Collision-Unkn Inj,I210 E / N Irwindale Ave,LAFSP,,,34.129715999999995,-117.933687,7.0,37.0,36826.0,210,E,R37.811,38.1,,0.0
238,18633413,LAHB,190326,2019-03-26 07:11:00,1183-Trfc Collision-Unkn Inj,I210 E / N Irwindale Ave,Baldwin Park,,,34.129715999999995,-117.933687,7.0,37.0,36826.0,210,E,R37.811,38.1,,1.0
322,18633547,LAHB,190326,2019-03-26 08:09:00,1183-Trfc Collision-Unkn Inj,I210 E / Sr134 E,LAFSP,,,34.151692,-118.14161299999999,7.0,37.0,56000.0,210,E,R25.82,25.8,,90.0
450,18633718,LAHB,190326,2019-03-26 09:38:00,1125-Traffic Hazard,I210 E / Sr57 S,LAFSP,,,34.120135999999995,-117.83718300000001,7.0,37.0,30014.0,210,E,R43.711,44.0,,14.0
451,18633719,LAHB,190326,2019-03-26 09:37:00,1125-Traffic Hazard,I210 E / Sr57 S,Baldwin Park,,,34.120135999999995,-117.83718300000001,7.0,37.0,30014.0,210,E,R43.711,44.0,,41.0
1216,18634813,LAHB,190326,2019-03-26 19:02:00,1179-Trfc Collision-1141 Enrt,I210 E / N Vernon Ave,Baldwin Park,,,34.126196,-117.916106,7.0,37.0,36826.0,210,E,R38.911,39.2,,102.0
1408,18635100,LAHB,190326,2019-03-26 22:44:00,1125-Traffic Hazard,I210 E / Lone Hill Ave Ofr,Baldwin Park,,,34.120957000000004,-117.83278500000002,7.0,37.0,30014.0,210,E,R44.011,44.3,,0.0
39,18635225,LAHB,190327,2019-03-27 02:22:00,1183-Trfc Collision-Unkn Inj,I210 E / Citrus Ave Oc,Baldwin Park,,,34.120767,-117.89013999999999,7.0,37.0,3386.0,210,E,R40.611,40.9,,18.0
872,18636419,LAHB,190327,2019-03-27 14:48:00,1125-Traffic Hazard,I210 E / Sr57 S,Baldwin Park,,,34.120135999999995,-117.83718300000001,7.0,37.0,30014.0,210,E,R43.711,44.0,,49.0
913,18636471,LAHB,190327,2019-03-27 15:07:00,1125-Traffic Hazard,I210 E / Mountain Ave (81-202),Baldwin Park,,,34.135372,-117.98627900000001,7.0,37.0,48648.0,210,E,R34.711,35.0,,2.0
1117,18636747,LAHB,190327,2019-03-27 17:00:00,1179-Trfc Collision-1141Enrt,I210 E / FRUIT ST,LAFSP,,,34.119486,-117.76161,7.0,37.0,40830.0,210,E,R48.111,48.4,,1.0
1189,18636842,LAHB,190327,2019-03-27 17:34:00,1182-Trfc Collision-No Inj,I210 E / N Baldwin Ave,Altadena,,,34.148653,-118.050169,7.0,37.0,2462.0,210,E,R30.811,31.1,,70.0
72,18637459,LAHB,190328,2019-03-28 04:12:00,1183-Trfc Collision-Unkn Inj,I210 E / Sunflower Ave,Baldwin Park,,,34.117489,-117.84631999999999,7.0,37.0,30014.0,210,E,R43.211,43.5,,143.0
173,18637605,LAHB,190328,2019-03-28 06:53:00,1125-Traffic Hazard,I210 E / Citrus Ave Ofr,Baldwin Park,,,34.120876,-117.89477,7.0,37.0,3386.0,210,E,R40.311,40.6,,1.0
301,18637787,LAHB,190328,2019-03-28 08:14:00,1183-Trfc Collision-Unkn Inj,I210 E / N Hill Ave,Altadena,,,34.152128000000005,-118.121459,7.0,37.0,56000.0,210,E,R26.92,26.9,,20.0
392,18637910,LAHB,190328,2019-03-28 09:19:00,1179-Trfc Collision-1141 Enrt,I210 E / I210 E I605 Con,Baldwin Park,,,34.135466,-117.965352,7.0,37.0,19990.0,210,E,R35.911,36.2,,-1.0
417,18637944,LAHB,190328,2019-03-28 09:32:00,1125-Traffic Hazard,I210 E / N Marengo Ave,Altadena,,,34.151542,-118.146083,7.0,37.0,56000.0,210,E,R25.52,25.5,,49.0
711,18638379,LAHB,190328,2019-03-28 13:19:00,1182-Trfc Collision-No Inj,I210 E / Lake Ave Ofr,Altadena,,,34.151683,-118.139351,7.0,37.0,56000.0,210,E,R25.92,25.9,,16.0
813,18638520,LAHB,190328,2019-03-28 14:38:00,1183-Trfc Collision-Unkn Inj,I210 E / Madre St,LAFSP,,,34.14755,-118.08203799999998,7.0,37.0,56000.0,210,E,R29.32,29.3,,1.0
1092,18638906,LAHB,190328,2019-03-28 17:07:00,1183-Trfc Collision-Unkn Inj,I210 E / E Colorado Blvd,Altadena,,,34.145621000000006,-118.02673500000002,7.0,37.0,2462.0,210,E,R32.211,32.5,,57.0
1312,18639221,LAHB,190328,2019-03-28 19:46:00,1125-Traffic Hazard,I210 E / N Rosemead Blvd,Altadena,,,34.148171000000005,-118.07343200000001,7.0,37.0,,210,E,R29.511,29.8,,3.0
59,18639596,LAHB,190329,2019-03-29 03:26:00,1125-Traffic Hazard,La210374 I210 E / Wo Irwindale Av,Baldwin Park,,,34.129519,-117.93425900000001,7.0,37.0,36826.0,210,E,R37.811,38.1,,12.0
270,18639907,LAHB,190329,2019-03-29 08:03:00,1182-Trfc Collision-No Inj,La210374 I210 E / Wo Irwindale Av,Baldwin Park,,,34.129519,-117.93425900000001,7.0,37.0,36826.0,210,E,R37.811,38.1,,12.0
1088,18641001,LAHB,190329,2019-03-29 16:19:00,1182-Trfc Collision-No Inj,I210 E / Grand Ave,LAFSP,,,34.120519,-117.87264099999999,7.0,37.0,30014.0,210,E,R41.611,41.9,,77.0
1090,18641004,LAHB,190329,2019-03-29 16:14:00,1182-Trfc Collision-No Inj,I210 E / Grand Ave,Baldwin Park,,,34.120519,-117.87264099999999,7.0,37.0,30014.0,210,E,R41.611,41.9,,125.0
1091,18641005,LAHB,190329,2019-03-29 16:13:00,1179-Trfc Collision-1141 Enrt,I210 E / Mountain Ave (81-202),Baldwin Park,,,34.135372,-117.98627900000001,7.0,37.0,48648.0,210,E,R34.711,35.0,,87.0
1123,18641044,LAHB,190329,2019-03-29 16:29:00,1125-Traffic Hazard,I210 E / N Santa Anita Ave,LAFSP,,,34.147736,-118.03166100000001,7.0,37.0,2462.0,210,E,R31.911,32.2,,5.0
1200,18641169,LAHB,190329,2019-03-29 17:15:00,1182-Trfc Collision-No Inj,I210 E / Fruit St,Baldwin Park,,,34.119486,-117.76161,7.0,37.0,40830.0,210,E,R48.111,48.4,,58.0
1305,18641306,LAHB,190329,2019-03-29 18:16:00,1125-Traffic Hazard,I210 E / Sunflower Ave,LAFSP,,,34.117489,-117.84631999999999,7.0,37.0,30014.0,210,E,R43.211,43.5,,12.0
1306,18641307,LAHB,190329,2019-03-29 18:15:00,1125-Traffic Hazard,I210 E / Sunflower Ave,Baldwin Park,,,34.117489,-117.84631999999999,7.0,37.0,30014.0,210,E,R43.211,43.5,,13.0
1384,18641424,LAHB,190329,2019-03-29 19:09:00,1125A-Animal Hazard,I210 E / N Irwindale Ave,Baldwin Park,,,34.129715999999995,-117.933687,7.0,37.0,36826.0,210,E,R37.811,38.1,,2.0
1412,18641480,INHB,190329,2019-03-29 19:45:00,1183-Trfc Collision-Unkn Inj,I210 E / N Vernon Ave,LACC,,,34.126196,-117.916106,7.0,37.0,36826.0,210,E,R38.911,39.2,,4.0
1498,18641623,LAHB,190329,2019-03-29 21:18:00,1182-Trfc Collision-No Inj,I210 E / S Myrtle Ave,Baldwin Park,,,34.135357,-118.000743,7.0,37.0,48648.0,210,E,R33.911,34.2,,35.0
1544,18641693,LAHB,190329,2019-03-29 22:02:00,1125-Traffic Hazard,I210 E I605 S Con / I605 S,Baldwin Park,,,34.130563,-117.96045500000001,7.0,37.0,19990.0,210,E,R36.311,36.6,,22.0
180,18642122,LAHB,190330,2019-03-30 07:15:00,1125-Traffic Hazard,I210 E / N Santa Anita Ave,Altadena,,,34.147736,-118.03166100000001,7.0,37.0,2462.0,210,E,R31.911,32.2,,3.0
238,18642207,LAHB,190330,2019-03-30 08:34:00,1179-Trfc Collision-1141 Enrt,I210 E / Lone Hill Ave,Baldwin Park,,,34.120858,-117.828915,7.0,37.0,30014.0,210,E,R44.211,44.5,,19.0
293,18642296,LAHB,190330,2019-03-30 09:40:00,1125-Traffic Hazard,I210 E / Sr57 S,Baldwin Park,,,34.120135999999995,-117.83718300000001,7.0,37.0,30014.0,210,E,R43.711,44.0,,7.0
308,18642318,LAHB,190330,2019-03-30 09:56:00,1125-Traffic Hazard,I210 E / Sr57 S,LAFSP,,,34.120135999999995,-117.83718300000001,7.0,37.0,30014.0,210,E,R43.711,44.0,,23.0
309,18642319,LAHB,190330,2019-03-30 09:55:00,1125-Traffic Hazard,I210 E / Sr57 S,Baldwin Park,,,34.120135999999995,-117.83718300000001,7.0,37.0,30014.0,210,E,R43.711,44.0,,10.0
347,18642370,LAHB,190330,2019-03-30 10:25:00,1179-Trfc Collision-1141 Enrt,I210 E / Lone Hill Ave,Baldwin Park,,,34.120858,-117.828915,7.0,37.0,30014.0,210,E,R44.211,44.5,,49.0
519,18642610,LAHB,190330,2019-03-30 12:33:00,1125-Traffic Hazard,I210 E / N Lake Ave,LAFSP,,,34.151665,-118.13225800000001,7.0,37.0,56000.0,210,E,R26.32,26.3,,50.0
705,18642864,LAHB,190330,2019-03-30 14:33:00,20002-Hit and Run No Injuries,I210 E / N Lake Ave,LAFSP,,,34.151665,-118.13225800000001,7.0,37.0,56000.0,210,E,R26.32,26.3,,4.0
706,18642865,LAHB,190330,2019-03-30 14:31:00,20002-Hit and Run No Injuries,I210 E / N Lake Ave,Altadena,,,34.151665,-118.13225800000001,7.0,37.0,56000.0,210,E,R26.32,26.3,,26.0
715,18642881,LAHB,190330,2019-03-30 14:39:00,1182-Trfc Collision-No Inj,La210254 I210 E / Wo Fair Oaks Av,LAFSP,,,34.151569,-118.14839199999999,7.0,37.0,56000.0,210,E,R25.42,25.4,,43.0
762,18642951,LAHB,190330,2019-03-30 15:14:00,1182-Trfc Collision-No Inj,I210 E / Sr57 S,LAFSP,,,34.120135999999995,-117.83718300000001,7.0,37.0,30014.0,210,E,R43.711,44.0,,67.0
763,18642952,LAHB,190330,2019-03-30 15:13:00,1182-Trfc Collision-No Inj,I210 E / Sr57 S,Baldwin Park,,,34.120135999999995,-117.83718300000001,7.0,37.0,30014.0,210,E,R43.711,44.0,,87.0
776,18642969,LAHB,190330,2019-03-30 15:29:00,1183-Trfc Collision-Unkn Inj,I210 E / Lone Hill Ave,LAFSP,,,34.120858,-117.828915,7.0,37.0,30014.0,210,E,R44.211,44.5,,27.0
778,18642971,LAHB,190330,2019-03-30 15:27:00,1183-Trfc Collision-Unkn Inj,I210 E / Lone Hill Ave,Baldwin Park,,,34.120858,-117.828915,7.0,37.0,30014.0,210,E,R44.211,44.5,,1.0
893,18643137,LAHB,190330,2019-03-30 16:47:00,1182-Trfc Collision-No Inj,I210 E / Azusa Ave,Baldwin Park,,,34.120486,-117.90758899999999,7.0,37.0,3386.0,210,E,R39.611,39.9,,19.0
1250,18643703,LAHB,190330,2019-03-30 22:45:00,1125-Traffic Hazard,La210308 I210 E / Baldwin Av,Altadena,,,34.148662,-118.05023600000001,7.0,37.0,2462.0,210,E,R30.811,31.1,,16.0
77,18643905,LAHB,190331,2019-03-31 02:27:00,1179-Trfc Collision-1141 Enrt,I210 E / Lake Ave Ofr,Altadena,,,34.151683,-118.139351,7.0,37.0,56000.0,210,E,R25.92,25.9,,207.0
83,18643912,LAHB,190331,2019-03-31 02:30:00,1125-Traffic Hazard,I210 E / N Hill Ave,Altadena,,,34.152128000000005,-118.121459,7.0,37.0,56000.0,210,E,R26.92,26.9,,47.0
144,18644016,LAHB,190331,2019-03-31 05:43:00,1183-Trfc Collision-Unkn Inj,I210 E / Vernon Ave Ofr,Baldwin Park,,,34.128257,-117.92044399999999,7.0,37.0,36826.0,210,E,R38.711,39.0,,1.0
145,18644017,LAHB,190331,2019-03-31 05:42:00,1183-Trfc Collision-Unkn Inj,I210 E / N Irwindale Ave,Baldwin Park,,,34.129715999999995,-117.933687,7.0,37.0,36826.0,210,E,R37.811,38.1,,129.0
146,18644018,LAHB,190331,2019-03-31 05:40:00,1125-Traffic Hazard,I210 E / Azusa Ave,Baldwin Park,,,34.120486,-117.90758899999999,7.0,37.0,3386.0,210,E,R39.611,39.9,,114.0
147,18644021,LAHB,190331,2019-03-31 05:44:00,1183-Trfc Collision-Unkn Inj,I210 E / N Vernon Ave,Baldwin Park,,,34.126196,-117.916106,7.0,37.0,36826.0,210,E,R38.911,39.2,,2.0
152,18644033,LAHB,190331,2019-03-31 06:12:00,SIG Alert,I210 E / N Irwindale Ave,Baldwin Park,,,34.129715999999995,-117.933687,7.0,37.0,36826.0,210,E,R37.811,38.1,,0.0
199,18644096,LAHB,190331,2019-03-31 07:36:00,1125-Traffic Hazard,I210 E / W Huntington Dr,Baldwin Park,,,34.140308000000005,-118.01678500000001,7.0,37.0,48648.0,210,E,R32.911,33.2,,15.0
293,18644245,LAHB,190331,2019-03-31 09:29:00,1125-Traffic Hazard,I210 E / Citrus Ave Oc,LAFSP,,,34.120767,-117.89013999999999,7.0,37.0,3386.0,210,E,R40.611,40.9,,12.0
294,18644246,LAHB,190331,2019-03-31 09:28:00,1125-Traffic Hazard,I210 E / Citrus Ave Oc,Baldwin Park,,,34.120767,-117.89013999999999,7.0,37.0,3386.0,210,E,R40.611,40.9,,13.0
651,18644794,LAHB,190331,2019-03-31 14:49:00,1182-Trfc Collision-No Inj,I210 E / Madre St,Altadena,,,34.14755,-118.08203799999998,7.0,37.0,56000.0,210,E,R29.32,29.3,,46.0
826,18645064,LAHB,190331,2019-03-31 17:30:00,20002-Hit and Run No Injuries,I210 E / S Myrtle Ave,Baldwin Park,,,34.135357,-118.000743,7.0,37.0,48648.0,210,E,R33.911,34.2,,7.0
1006,18645337,LAHB,190331,2019-03-31 20:10:00,1125-Traffic Hazard,I210 E / N Fairoaks Ave,Altadena,,,34.151178,-118.15061599999999,7.0,37.0,56000.0,210,E,R25.22,25.2,,14.0
1010,18645341,LAHB,190331,2019-03-31 20:15:00,1125-Traffic Hazard,La210258 I210 E / Wo Lake Av,Altadena,,,34.151665,-118.13225800000001,7.0,37.0,56000.0,210,E,R26.32,26.3,,23.0
